Country,Product,Stock proposed for next year
Australia,Polar Ice,2515
Australia,Blue Steel Putter,5248
Australia,Trail Master,2
Australia,Polar Wave,667
Australia,BugShield Extreme,20839
Australia,Glacier GPS Extreme,6147
Australia,Canyon Mule Carryall,23950
Australia,Retro,25263
Australia,TrailChef Kitchen Kit,37522
Australia,Lady Hailstorm Titanium Woods Set,1435
Australia,Star Gazer 3,5806
Australia,Hibernator,24554
Australia,Ranger Vision,2857
Australia,EverGlow Kerosene,16162
Australia,Zodiak,4039
Australia,Husky Rope 100,11190
Australia,Granite Extreme,43277
Australia,Glacier GPS,19515
Australia,Hibernator Self - Inflating Mat,14990
Australia,Hibernator Lite,35998
Australia,TrailChef Double Flame,10121
Australia,TrailChef Cup,88427
Australia,Granite Shovel,13899
Australia,Star Gazer 6,1949
Australia,Firefly Charger,22042
Australia,Lux,3188
Australia,Venue,6878
Australia,Fairway,39634
Australia,Calamine Relief,441
Australia,BugShield Spray,3570
Australia,Firefly 2,25674
Australia,Hibernator Pillow,23135
Australia,Infinity,8388
Australia,Mountain Man Analog,7961
Australia,Bear Survival Edge,4263
Australia,Lady Hailstorm Steel Woods Set,1929
Australia,Polar Extreme,467
Australia,Hailstorm Titanium Irons,2381
Australia,Firefly Lite,26429
Australia,Trendi,12312
Australia,TrailChef Water Bag,180330
Australia,Cat Eye,62612
Australia,Blue Steel Max Putter,4729
Australia,Sun Shelter 30,6379
Australia,Max Gizmo,6992
Australia,Course Pro Putter,12039
Australia,EverGlow Butane,7375
Australia,Granite Grip,34782
Australia,TrailChef Utensils,40091
Australia,Star Lite,16618
Australia,Glacier Deluxe,4821
Australia,Glacier Basic,45947
Australia,Sun Shield,6167
Australia,Sam,10770
Australia,Canyon Mule Journey Backpack,15331
Australia,Zone,63965
Australia,Course Pro Umbrella,21316
Australia,Hibernator Pad,24461
Australia,Bella,12933
Australia,Seeker Mini,4935
Australia,Firefly Mapreader,39188
Australia,Sky Pilot,319
Australia,Canyon Mule Climber Backpack,30711
Australia,Firefly Rechargeable Battery,115702
Australia,TrailChef Cook Set,40220
Australia,EverGlow Single,26132
Australia,Sun Blocker,1788
Australia,TX,4791
Australia,Hailstorm Steel Woods Set,3060
Australia,Firefly Extreme,9012
Australia,Granite Belay,24070
Australia,Seeker 50,7316
Australia,Sun Shelter 15,3641
Australia,Pocket Gizmo,32373
Australia,BugShield Lotion,7948
Australia,Granite Climbing Helmet,21680
Australia,Seeker 35,14504
Australia,Firefly Multi-light,10784
Australia,Husky Rope 60,6123
Australia,Firefly 4,14359
Australia,Star Dome,6774
Australia,TrailChef Kettle,103803
Australia,Hibernator Camp Cot,12494
Australia,Insect Bite Relief,1321
Australia,Single Edge,121847
Australia,Seeker Extreme,4541
Australia,Legend,2660
Australia,Firefly Climbing Lamp,18969
Australia,Auto Pilot,1348
Australia,Mountain Man Combination,1291
Australia,Capri,20140
Australia,BugShield Lotion Lite,2641
Australia,Course Pro Golf Bag,2745
Australia,Trail Scout,163
Australia,Granite Carabiner,300209
Australia,Dante,26309
Australia,Aloe Relief,1328
Australia,Hawk Eye,22810
Australia,Deluxe Family Relief Kit,1160
Australia,EverGlow Double,2538
Australia,Husky Rope 200,4580
Australia,Polar Sun,9712
Australia,Canyon Mule Extreme Backpack,8867
Australia,Granite Axe,44423
Australia,Granite Signal Mirror,7812
Australia,Compact Relief Kit,1578
Australia,Maximus,18632
Australia,Inferno,41707
Australia,Astro Pilot,3797
Australia,Opera Vision,770
Australia,Star Gazer 2,10634
Australia,Hailstorm Steel Irons,3862
Australia,Canyon Mule Weekender Backpack,14139
Australia,Granite Chalk Bag,17597
Australia,Kodiak,2788
Australia,Canyon Mule Cooler,57819
Australia,TrailChef Single Flame,34481
Australia,Granite Pulley,31502
Australia,Lady Hailstorm Titanium Irons,1420
Australia,Hailstorm Titanium Woods Set,1924
Australia,Granite Hammer,20465
Australia,Edge Extreme,13190
Australia,Husky Harness Extreme,23520
Australia,EverGlow Lamp,51845
Australia,Hibernator Extreme,14410
Australia,TrailChef Deluxe Cook Set,14448
Australia,Lady Hailstorm Steel Irons,1997
Australia,Mountain Man Deluxe,8979
Australia,BugShield Natural,7458
Australia,Mountain Man Extreme,1160
Australia,Flicker Lantern,8796
Australia,TrailChef Canteen,35330
Australia,Bear Edge,14832
Australia,Double Edge,27952
Australia,Course Pro Gloves,22216
Australia,Mountain Man Digital,5626
Australia,Polar Sports,6992
Australia,Course Pro Golf and Tee Set,26316
Australia,Granite Ice,26645
Australia,Husky Harness,15100
Australia,Trail Star,0
Australia,Husky Rope 50,10818
Australia,Star Peg,106951
Australia,Sun Shelter Stick,3849
Austria,Sun Blocker,-3719
Austria,Glacier GPS,13834
Austria,Bear Survival Edge,3409
Austria,Canyon Mule Cooler,20435
Austria,Trail Scout,-517
Austria,Ranger Vision,4959
Austria,Zodiak,7990
Austria,Single Edge,97075
Austria,Hibernator Camp Cot,6241
Austria,Maximus,27426
Austria,Star Gazer 6,878
Austria,BugShield Spray,-3541
Austria,Polar Extreme,521
Austria,Mountain Man Extreme,1154
Austria,Polar Sports,11806
Austria,Seeker Mini,3158
Austria,Course Pro Putter,4873
Austria,Calamine Relief,-1122
Austria,Course Pro Golf Bag,1539
Austria,Hailstorm Steel Irons,1388
Austria,Husky Rope 100,7296
Austria,Hibernator Lite,25090
Austria,EverGlow Butane,4990
Austria,Hibernator,15632
Austria,Polar Ice,3252
Austria,Lady Hailstorm Titanium Woods Set,460
Austria,Double Edge,19672
Austria,Blue Steel Max Putter,921
Austria,TrailChef Kettle,55975
Austria,TrailChef Water Bag,136753
Austria,Granite Carabiner,178193
Austria,Trail Star,-1148
Austria,Granite Belay,14833
Austria,Trail Master,-566
Austria,Trendi,16456
Austria,Glacier Deluxe,5788
Austria,Auto Pilot,1387
Austria,Mountain Man Combination,1431
Austria,Granite Signal Mirror,11674
Austria,Pocket Gizmo,15365
Austria,Infinity,8202
Austria,Glacier Basic,34505
Austria,Seeker 50,4071
Austria,Husky Rope 50,7761
Austria,TX,3692
Austria,Firefly Extreme,6275
Austria,Canyon Mule Carryall,11985
Austria,Glacier GPS Extreme,5362
Austria,Inferno,45984
Austria,Course Pro Gloves,13599
Austria,Lux,1204
Austria,Hailstorm Titanium Woods Set,916
Austria,TrailChef Single Flame,16488
Austria,Hibernator Pad,14503
Austria,Star Dome,2757
Austria,Venue,1493
Austria,BugShield Natural,-10631
Austria,Hailstorm Steel Woods Set,1787
Austria,Canyon Mule Journey Backpack,6948
Austria,Sky Pilot,1651
Austria,Canyon Mule Weekender Backpack,5501
Austria,Firefly Charger,22528
Austria,Star Peg,44985
Austria,Husky Rope 200,3295
Austria,TrailChef Kitchen Kit,17301
Austria,Sun Shelter 15,-6902
Austria,EverGlow Kerosene,9347
Austria,Hibernator Pillow,12323
Austria,Firefly Climbing Lamp,15766
Austria,Hibernator Extreme,13996
Austria,Insect Bite Relief,-1265
Austria,Firefly Mapreader,19050
Austria,TrailChef Double Flame,5700
Austria,Bella,7659
Austria,Blue Steel Putter,2156
Austria,Astro Pilot,4278
Austria,Lady Hailstorm Steel Woods Set,577
Austria,Firefly 2,10688
Austria,Edge Extreme,9467
Austria,Flicker Lantern,3993
Austria,Max Gizmo,10559
Austria,TrailChef Deluxe Cook Set,13071
Austria,Retro,36968
Austria,Granite Extreme,35786
Austria,Seeker Extreme,2802
Austria,Opera Vision,183
Austria,Sam,10793
Austria,Legend,-222
Austria,Granite Hammer,13541
Austria,BugShield Lotion Lite,-4251
Austria,Dante,12421
Austria,Sun Shield,-9063
Austria,Bear Edge,9902
Austria,Compact Relief Kit,-821
Austria,EverGlow Double,1386
Austria,Hibernator Self - Inflating Mat,12036
Austria,Mountain Man Deluxe,9220
Austria,Granite Pulley,22771
Austria,TrailChef Cup,63134
Austria,Canyon Mule Extreme Backpack,4622
Austria,Firefly 4,8417
Austria,Cat Eye,45008
Austria,Lady Hailstorm Steel Irons,1027
Austria,Capri,13419
Austria,Mountain Man Digital,3880
Austria,BugShield Extreme,-34320
Austria,Granite Ice,20645
Austria,TrailChef Canteen,26111
Austria,EverGlow Single,14576
Austria,Aloe Relief,-757
Austria,Husky Rope 60,4915
Austria,TrailChef Utensils,22910
Austria,Firefly Lite,19634
Austria,Granite Axe,54894
Austria,Hawk Eye,32501
Austria,Course Pro Golf and Tee Set,12160
Austria,BugShield Lotion,-7444
Austria,Polar Wave,710
Austria,Mountain Man Analog,11152
Austria,Husky Harness Extreme,24209
Austria,Deluxe Family Relief Kit,-2446
Austria,Canyon Mule Climber Backpack,21192
Austria,Granite Chalk Bag,10158
Austria,Fairway,11492
Austria,Sun Shelter 30,-3207
Austria,Seeker 35,9833
Austria,Star Gazer 2,3406
Austria,Lady Hailstorm Titanium Irons,760
Austria,Sun Shelter Stick,-968
Austria,Star Lite,6437
Austria,Husky Harness,15772
Austria,Firefly Multi-light,5281
Austria,Granite Climbing Helmet,22062
Austria,EverGlow Lamp,27493
Austria,Firefly Rechargeable Battery,99217
Austria,TrailChef Cook Set,32615
Austria,Polar Sun,14971
Austria,Star Gazer 3,2054
Austria,Hailstorm Titanium Irons,1492
Austria,Granite Shovel,10428
Austria,Zone,49607
Austria,Granite Grip,30643
Austria,Kodiak,-101
Austria,Course Pro Umbrella,7067
Belgium,Trail Master,-190
Belgium,Firefly 4,3431
Belgium,Edge Extreme,12173
Belgium,Firefly Charger,18269
Belgium,Granite Pulley,19961
Belgium,Granite Belay,13596
Belgium,Calamine Relief,186
Belgium,Glacier Deluxe,3492
Belgium,Seeker Mini,1349
Belgium,BugShield Natural,-1198
Belgium,Single Edge,96544
Belgium,Sun Shelter Stick,-1937
Belgium,Granite Grip,29131
Belgium,Polar Extreme,240
Belgium,Granite Axe,51686
Belgium,Bella,10564
Belgium,Glacier Basic,26369
Belgium,Insect Bite Relief,522
Belgium,Canyon Mule Carryall,6714
Belgium,Firefly Extreme,5317
Belgium,Canyon Mule Climber Backpack,15533
Belgium,Trail Scout,-207
Belgium,Sun Shield,-2645
Belgium,Flicker Lantern,2782
Belgium,Firefly Multi-light,4165
Belgium,Pocket Gizmo,2291
Belgium,TrailChef Kettle,33236
Belgium,Dante,12425
Belgium,Husky Rope 60,2896
Belgium,EverGlow Kerosene,4856
Belgium,Firefly Lite,9280
Belgium,Bear Survival Edge,2511
Belgium,Retro,25014
Belgium,Lady Hailstorm Titanium Irons,2334
Belgium,Sun Shelter 15,-1607
Belgium,Polar Wave,431
Belgium,Granite Signal Mirror,8819
Belgium,Hailstorm Titanium Woods Set,2602
Belgium,Astro Pilot,3897
Belgium,TrailChef Utensils,14850
Belgium,Course Pro Umbrella,24239
Belgium,Husky Rope 100,5378
Belgium,Hibernator Lite,13471
Belgium,TrailChef Canteen,12738
Belgium,Opera Vision,-28
Belgium,Hailstorm Steel Woods Set,3659
Belgium,EverGlow Lamp,18866
Belgium,Granite Climbing Helmet,14083
Belgium,Blue Steel Max Putter,5298
Belgium,Inferno,30600
Belgium,Lady Hailstorm Steel Irons,2224
Belgium,Polar Sports,4465
Belgium,Mountain Man Digital,1263
Belgium,Hailstorm Titanium Irons,3356
Belgium,Lady Hailstorm Steel Woods Set,1940
Belgium,Star Gazer 3,2235
Belgium,Firefly Mapreader,19005
Belgium,Course Pro Golf Bag,2116
Belgium,TrailChef Kitchen Kit,8455
Belgium,Seeker Extreme,2281
Belgium,TrailChef Single Flame,13055
Belgium,Sun Blocker,-116
Belgium,Deluxe Family Relief Kit,-290
Belgium,Blue Steel Putter,4672
Belgium,Fairway,41115
Belgium,Granite Hammer,11766
Belgium,Infinity,7426
Belgium,Trendi,3761
Belgium,Star Gazer 6,667
Belgium,Maximus,20313
Belgium,Zone,63174
Belgium,Aloe Relief,-131
Belgium,Trail Star,-797
Belgium,Ranger Vision,3321
Belgium,Canyon Mule Extreme Backpack,3781
Belgium,Kodiak,-646
Belgium,Hibernator Pillow,6396
Belgium,BugShield Lotion Lite,765
Belgium,Bear Edge,6751
Belgium,Husky Harness Extreme,15851
Belgium,Star Peg,44855
Belgium,Hibernator Camp Cot,3702
Belgium,Firefly 2,9254
Belgium,Course Pro Putter,19221
Belgium,Granite Extreme,31661
Belgium,Course Pro Golf and Tee Set,22853
Belgium,Mountain Man Analog,3053
Belgium,Course Pro Gloves,27512
Belgium,EverGlow Single,10427
Belgium,Canyon Mule Weekender Backpack,3815
Belgium,Sun Shelter 30,-2453
Belgium,Hibernator Extreme,10738
Belgium,Hailstorm Steel Irons,4268
Belgium,Legend,1108
Belgium,TrailChef Double Flame,4830
Belgium,Granite Shovel,8143
Belgium,Firefly Rechargeable Battery,66934
Belgium,Cat Eye,52411
Belgium,Firefly Climbing Lamp,13777
Belgium,Lady Hailstorm Titanium Woods Set,1410
Belgium,Husky Rope 50,5880
Belgium,Hibernator,5949
Belgium,Granite Ice,17373
Belgium,Venue,6152
Belgium,TrailChef Cup,48344
Belgium,Max Gizmo,3399
Belgium,BugShield Lotion,-719
Belgium,Granite Chalk Bag,8916
Belgium,Zodiak,2084
Belgium,Lux,874
Belgium,Star Gazer 2,3975
Belgium,Husky Rope 200,2575
Belgium,Glacier GPS,10317
Belgium,Capri,19523
Belgium,Husky Harness,13291
Belgium,Polar Ice,1129
Belgium,Compact Relief Kit,-60
Belgium,Double Edge,15251
Belgium,Glacier GPS Extreme,4496
Belgium,Mountain Man Combination,589
Belgium,Mountain Man Extreme,862
Belgium,Seeker 50,2631
Belgium,Hawk Eye,36759
Belgium,Canyon Mule Cooler,17280
Belgium,Sky Pilot,1061
Belgium,BugShield Extreme,-2923
Belgium,Star Lite,6337
Belgium,Seeker 35,4588
Belgium,Canyon Mule Journey Backpack,4785
Belgium,TrailChef Deluxe Cook Set,7079
Belgium,Polar Sun,5846
Belgium,TrailChef Cook Set,11234
Belgium,Hibernator Self - Inflating Mat,7781
Belgium,TrailChef Water Bag,115183
Belgium,BugShield Spray,-213
Belgium,Auto Pilot,663
Belgium,Mountain Man Deluxe,4149
Belgium,Sam,13788
Belgium,TX,3081
Belgium,EverGlow Double,934
Belgium,Hibernator Pad,8296
Belgium,Granite Carabiner,202130
Belgium,Star Dome,2114
Belgium,EverGlow Butane,3345
Brazil,Polar Extreme,166
Brazil,Sun Shelter 15,-2484
Brazil,Firefly Lite,3303
Brazil,Star Dome,1091
Brazil,Mountain Man Extreme,137
Brazil,Calamine Relief,-373
Brazil,Auto Pilot,743
Brazil,Hibernator Pad,3807
Brazil,Opera Vision,-392
Brazil,TrailChef Cup,12890
Brazil,Polar Sun,4875
Brazil,Pocket Gizmo,5447
Brazil,Glacier Basic,8029
Brazil,Hibernator Extreme,2236
Brazil,Firefly Multi-light,1743
Brazil,Sam,6562
Brazil,Sun Shield,-1939
Brazil,Single Edge,25680
Brazil,Lady Hailstorm Steel Woods Set,490
Brazil,Glacier GPS,3491
Brazil,Flicker Lantern,1130
Brazil,Sky Pilot,487
Brazil,Aloe Relief,-366
Brazil,Granite Chalk Bag,2807
Brazil,Star Gazer 6,282
Brazil,Granite Pulley,5711
Brazil,Lux,1029
Brazil,Granite Hammer,2972
Brazil,Ranger Vision,2553
Brazil,Lady Hailstorm Steel Irons,505
Brazil,Kodiak,-213
Brazil,Canyon Mule Climber Backpack,4875
Brazil,TrailChef Cook Set,4353
Brazil,Cat Eye,25067
Brazil,Firefly Charger,4343
Brazil,Hailstorm Steel Woods Set,1085
Brazil,Husky Harness Extreme,4958
Brazil,Glacier GPS Extreme,1146
Brazil,Course Pro Golf Bag,681
Brazil,Max Gizmo,2771
Brazil,Hailstorm Steel Irons,1016
Brazil,Firefly Climbing Lamp,3308
Brazil,TrailChef Water Bag,24804
Brazil,Firefly Mapreader,4963
Brazil,Hailstorm Titanium Irons,906
Brazil,TrailChef Double Flame,1281
Brazil,Canyon Mule Cooler,8584
Brazil,Canyon Mule Journey Backpack,2597
Brazil,Polar Ice,995
Brazil,Mountain Man Combination,152
Brazil,Bella,5841
Brazil,Seeker 50,1290
Brazil,Bear Edge,2389
Brazil,BugShield Lotion,-2291
Brazil,TrailChef Canteen,4928
Brazil,Sun Shelter Stick,-1521
Brazil,Venue,753
Brazil,Zone,26425
Brazil,Trail Scout,-146
Brazil,Husky Rope 60,1139
Brazil,Hibernator,3414
Brazil,TX,2918
Brazil,Sun Shelter 30,-3699
Brazil,Firefly Extreme,966
Brazil,Canyon Mule Weekender Backpack,2398
Brazil,TrailChef Single Flame,3900
Brazil,Lady Hailstorm Titanium Irons,476
Brazil,Granite Grip,6650
Brazil,Firefly 4,1688
Brazil,TrailChef Utensils,7114
Brazil,Insect Bite Relief,-291
Brazil,Deluxe Family Relief Kit,-335
Brazil,Firefly Rechargeable Battery,19011
Brazil,Seeker 35,2464
Brazil,BugShield Spray,-2144
Brazil,TrailChef Kettle,14428
Brazil,Star Lite,3027
Brazil,Trail Master,-280
Brazil,Star Peg,14537
Brazil,Star Gazer 3,752
Brazil,Hawk Eye,18776
Brazil,EverGlow Single,3896
Brazil,Edge Extreme,2120
Brazil,Lady Hailstorm Titanium Woods Set,497
Brazil,BugShield Lotion Lite,-905
Brazil,Mountain Man Digital,545
Brazil,Hibernator Camp Cot,2111
Brazil,Capri,10018
Brazil,TrailChef Kitchen Kit,4611
Brazil,Polar Sports,3505
Brazil,Bear Survival Edge,892
Brazil,Husky Rope 50,2001
Brazil,Inferno,10784
Brazil,Seeker Extreme,1008
Brazil,Polar Wave,168
Brazil,Double Edge,5011
Brazil,Firefly 2,3105
Brazil,Legend,1089
Brazil,Canyon Mule Extreme Backpack,1113
Brazil,Trendi,-323
Brazil,Hibernator Lite,4272
Brazil,TrailChef Deluxe Cook Set,2456
Brazil,Seeker Mini,1334
Brazil,Canyon Mule Carryall,3030
Brazil,Astro Pilot,3076
Brazil,Course Pro Umbrella,6420
Brazil,Sun Blocker,-1860
Brazil,Star Gazer 2,1832
Brazil,Course Pro Gloves,9449
Brazil,Hibernator Pillow,3107
Brazil,Fairway,12086
Brazil,Mountain Man Analog,2440
Brazil,Infinity,4683
Brazil,Granite Ice,4541
Brazil,Granite Signal Mirror,2126
Brazil,Mountain Man Deluxe,1762
Brazil,Maximus,12402
Brazil,EverGlow Kerosene,1947
Brazil,Granite Axe,10377
Brazil,Husky Rope 100,1837
Brazil,BugShield Natural,-4003
Brazil,Granite Extreme,7450
Brazil,Husky Harness,3618
Brazil,BugShield Extreme,-8043
Brazil,Granite Carabiner,38067
Brazil,Granite Shovel,2203
Brazil,Granite Belay,3733
Brazil,Blue Steel Putter,1078
Brazil,Hailstorm Titanium Woods Set,871
Brazil,Blue Steel Max Putter,1194
Brazil,Glacier Deluxe,1259
Brazil,Course Pro Golf and Tee Set,6777
Brazil,Course Pro Putter,4194
Brazil,Compact Relief Kit,-420
Brazil,EverGlow Butane,692
Brazil,EverGlow Double,297
Brazil,Hibernator Self - Inflating Mat,3057
Brazil,Zodiak,1544
Brazil,Husky Rope 200,894
Brazil,Granite Climbing Helmet,5348
Brazil,Trail Star,-427
Brazil,Dante,3417
Brazil,EverGlow Lamp,7336
Brazil,Retro,18329
Canada,Polar Sports,20302
Canada,Granite Axe,70887
Canada,Trail Master,-1684
Canada,BugShield Natural,-13093
Canada,Granite Chalk Bag,36733
Canada,Granite Ice,37122
Canada,Polar Wave,980
Canada,Husky Rope 100,23252
Canada,TrailChef Double Flame,9874
Canada,Seeker 50,12899
Canada,TrailChef Utensils,32574
Canada,Seeker 35,26906
Canada,Hibernator Self - Inflating Mat,17024
Canada,Glacier Basic,39498
Canada,EverGlow Single,42024
Canada,TrailChef Canteen,51485
Canada,Firefly Charger,38212
Canada,TrailChef Cook Set,48733
Canada,Mountain Man Extreme,1217
Canada,Sun Blocker,-14983
Canada,Lady Hailstorm Steel Woods Set,2308
Canada,Mountain Man Analog,15184
Canada,Canyon Mule Journey Backpack,17279
Canada,Polar Extreme,694
Canada,Bear Edge,21319
Canada,Trail Star,-4709
Canada,Star Gazer 2,12943
Canada,Maximus,65048
Canada,Blue Steel Putter,7081
Canada,Granite Carabiner,481574
Canada,Flicker Lantern,11479
Canada,Sun Shelter 15,-28688
Canada,Sun Shelter 30,-36715
Canada,Aloe Relief,-2656
Canada,BugShield Extreme,-30613
Canada,Mountain Man Deluxe,12360
Canada,BugShield Lotion,-27071
Canada,Firefly Lite,39561
Canada,Hibernator Extreme,16536
Canada,Kodiak,3091
Canada,Pocket Gizmo,39488
Canada,Lux,6613
Canada,Max Gizmo,16223
Canada,Course Pro Golf Bag,3456
Canada,Canyon Mule Weekender Backpack,17187
Canada,Granite Hammer,23286
Canada,Course Pro Gloves,50964
Canada,Granite Pulley,60273
Canada,Star Lite,32308
Canada,Trendi,11559
Canada,Hailstorm Titanium Woods Set,5067
Canada,Legend,3666
Canada,Granite Shovel,15946
Canada,TX,12047
Canada,Sam,47290
Canada,Blue Steel Max Putter,8605
Canada,Ranger Vision,10118
Canada,Hibernator Pad,31574
Canada,Seeker Mini,9197
Canada,Firefly Climbing Lamp,31231
Canada,BugShield Spray,-9525
Canada,Trail Scout,-2685
Canada,Husky Harness,34513
Canada,Husky Rope 50,23564
Canada,Glacier Deluxe,9103
Canada,TrailChef Water Bag,218224
Canada,Fairway,95337
Canada,EverGlow Lamp,51074
Canada,Canyon Mule Cooler,65130
Canada,Course Pro Golf and Tee Set,38418
Canada,Hibernator Camp Cot,18012
Canada,Venue,16398
Canada,Husky Rope 200,10669
Canada,Canyon Mule Extreme Backpack,8773
Canada,Zodiak,12737
Canada,Sky Pilot,3239
Canada,Polar Sun,27481
Canada,Lady Hailstorm Titanium Irons,3612
Canada,TrailChef Single Flame,39531
Canada,Star Peg,103488
Canada,Hibernator,30724
Canada,Granite Signal Mirror,15258
Canada,BugShield Lotion Lite,-15328
Canada,Hibernator Lite,42724
Canada,EverGlow Kerosene,16149
Canada,Calamine Relief,-1569
Canada,Firefly Rechargeable Battery,195507
Canada,TrailChef Cup,127059
Canada,Husky Harness Extreme,50570
Canada,Seeker Extreme,6069
Canada,Inferno,99509
Canada,Glacier GPS Extreme,7677
Canada,Mountain Man Digital,5320
Canada,TrailChef Kitchen Kit,36373
Canada,Polar Ice,5647
Canada,Bear Survival Edge,7693
Canada,Canyon Mule Carryall,26761
Canada,Hawk Eye,109556
Canada,Granite Climbing Helmet,67230
Canada,Hibernator Pillow,23053
Canada,Course Pro Umbrella,31214
Canada,EverGlow Double,2426
Canada,Cat Eye,138655
Canada,Insect Bite Relief,-2850
Canada,Opera Vision,5
Canada,Bella,28959
Canada,Firefly Extreme,8654
Canada,Hailstorm Steel Woods Set,7284
Canada,Hailstorm Titanium Irons,5211
Canada,Retro,100502
Canada,Infinity,25157
Canada,Canyon Mule Climber Backpack,42617
Canada,Star Dome,8701
Canada,Zone,156066
Canada,Star Gazer 3,5655
Canada,Firefly 2,24086
Canada,Dante,21856
Canada,Edge Extreme,16386
Canada,Husky Rope 60,12816
Canada,Compact Relief Kit,-306
Canada,Sun Shield,-31684
Canada,TrailChef Deluxe Cook Set,18166
Canada,Lady Hailstorm Titanium Woods Set,1675
Canada,Sun Shelter Stick,-5418
Canada,Granite Belay,42025
Canada,Deluxe Family Relief Kit,-7747
Canada,Firefly Mapreader,50805
Canada,Granite Extreme,62376
Canada,Hailstorm Steel Irons,6243
Canada,Granite Grip,35252
Canada,Lady Hailstorm Steel Irons,3970
Canada,Glacier GPS,35366
Canada,Course Pro Putter,17740
Canada,Firefly Multi-light,10805
Canada,Mountain Man Combination,1486
Canada,Star Gazer 6,2452
Canada,TrailChef Kettle,104064
Canada,Auto Pilot,2845
Canada,Astro Pilot,14542
Canada,Single Edge,257029
Canada,Capri,46833
Canada,Firefly 4,21744
Canada,EverGlow Butane,6711
Canada,Double Edge,48361
China,Calamine Relief,-864
China,Firefly Mapreader,33214
China,TrailChef Deluxe Cook Set,12065
China,Hibernator Pillow,7506
China,Glacier Deluxe,4614
China,BugShield Lotion Lite,-2611
China,Firefly Climbing Lamp,27092
China,EverGlow Lamp,31670
China,Seeker Extreme,5343
China,Single Edge,54360
China,Hibernator Lite,13935
China,Retro,48431
China,TX,6574
China,Lux,4032
China,Sun Shield,-5227
China,Blue Steel Max Putter,4569
China,Polar Ice,3682
China,Infinity,13629
China,Star Gazer 3,3533
China,Opera Vision,232
China,Star Gazer 2,3677
China,Sun Blocker,-2516
China,Granite Grip,54192
China,Star Lite,13467
China,Trail Master,-525
China,Auto Pilot,1485
China,Firefly Multi-light,4652
China,Aloe Relief,-1154
China,Hibernator Camp Cot,9057
China,Course Pro Golf Bag,3687
China,Kodiak,1981
China,Husky Harness,25100
China,BugShield Lotion,-6976
China,Polar Sun,14581
China,Polar Sports,9914
China,Course Pro Umbrella,32428
China,Hibernator Pad,8687
China,Astro Pilot,7728
China,Zone,87258
China,Legend,2486
China,Firefly Charger,33436
China,Canyon Mule Cooler,30966
China,Granite Shovel,25015
China,Fairway,54504
China,Granite Carabiner,311488
China,Venue,7646
China,Zodiak,7413
China,Max Gizmo,13338
China,Maximus,33347
China,Compact Relief Kit,-1007
China,Bella,16461
China,Canyon Mule Journey Backpack,9128
China,Hailstorm Steel Irons,6521
China,Firefly 4,6702
China,Trendi,11244
China,Husky Rope 60,9253
China,Inferno,53311
China,Granite Ice,49190
China,Mountain Man Combination,531
China,TrailChef Utensils,28707
China,Lady Hailstorm Titanium Irons,3132
China,Granite Hammer,32881
China,Hawk Eye,49811
China,Granite Pulley,45528
China,Star Peg,74447
China,Husky Harness Extreme,36111
China,EverGlow Double,1803
China,Canyon Mule Extreme Backpack,8662
China,Star Gazer 6,778
China,Granite Axe,91896
China,Granite Extreme,74454
China,Canyon Mule Weekender Backpack,5098
China,Course Pro Gloves,47124
China,Insect Bite Relief,-977
China,Firefly Lite,10550
China,Flicker Lantern,4643
China,Mountain Man Digital,2346
China,Deluxe Family Relief Kit,-1522
China,Blue Steel Putter,5568
China,EverGlow Single,27322
China,Trail Scout,-214
China,Lady Hailstorm Titanium Woods Set,2308
China,Seeker 50,6156
China,TrailChef Kitchen Kit,13015
China,Polar Wave,945
China,Canyon Mule Carryall,8944
China,Hailstorm Titanium Woods Set,5698
China,Lady Hailstorm Steel Woods Set,3752
China,Granite Signal Mirror,17949
China,Cat Eye,58981
China,Canyon Mule Climber Backpack,38709
China,TrailChef Cup,59525
China,Lady Hailstorm Steel Irons,3603
China,Firefly Extreme,5976
China,Bear Survival Edge,4632
China,Glacier GPS,13075
China,Polar Extreme,531
China,BugShield Extreme,-1426
China,Bear Edge,16131
China,Granite Chalk Bag,24731
China,Seeker 35,8672
China,Double Edge,21071
China,Mountain Man Analog,5988
China,Hailstorm Steel Woods Set,6634
China,Mountain Man Deluxe,9060
China,Ranger Vision,3251
China,Sun Shelter 30,-9875
China,Capri,27505
China,Edge Extreme,16155
China,Hibernator Extreme,16032
China,Glacier Basic,43718
China,Granite Climbing Helmet,38984
China,TrailChef Kettle,32071
China,Sam,20286
China,Firefly 2,8628
China,Husky Rope 200,8318
China,EverGlow Butane,5612
China,Hibernator Self - Inflating Mat,13792
China,Course Pro Putter,12369
China,TrailChef Cook Set,19803
China,Trail Star,-1137
China,Seeker Mini,3193
China,Granite Belay,30768
China,Husky Rope 100,17981
China,BugShield Spray,-6816
China,Pocket Gizmo,31884
China,Husky Rope 50,11720
China,EverGlow Kerosene,11055
China,BugShield Natural,126
China,TrailChef Double Flame,5454
China,Hibernator,9433
China,Firefly Rechargeable Battery,159362
China,Sky Pilot,1689
China,Star Dome,3243
China,Course Pro Golf and Tee Set,48916
China,Sun Shelter Stick,83
China,TrailChef Water Bag,177820
China,TrailChef Canteen,22099
China,Hailstorm Titanium Irons,6700
China,Glacier GPS Extreme,6095
China,TrailChef Single Flame,24003
China,Dante,21464
China,Mountain Man Extreme,1321
China,Sun Shelter 15,-8029
Denmark,Firefly Multi-light,1829
Denmark,Glacier GPS Extreme,-519
Denmark,Capri,21776
Denmark,Hawk Eye,25881
Denmark,EverGlow Kerosene,969
Denmark,Retro,25770
Denmark,Mountain Man Analog,3374
Denmark,Legend,397
Denmark,Husky Rope 60,315
Denmark,Hibernator Self - Inflating Mat,3398
Denmark,Firefly Extreme,1943
Denmark,Mountain Man Combination,294
Denmark,Lux,1568
Denmark,EverGlow Butane,1998
Denmark,Ranger Vision,3575
Denmark,Blue Steel Putter,1301
Denmark,Trail Master,-233
Denmark,Canyon Mule Climber Backpack,494
Denmark,BugShield Natural,-12652
Denmark,Canyon Mule Journey Backpack,3831
Denmark,Star Dome,979
Denmark,Canyon Mule Carryall,6355
Denmark,Zodiak,1339
Denmark,EverGlow Lamp,18612
Denmark,Opera Vision,457
Denmark,Pocket Gizmo,14569
Denmark,Granite Chalk Bag,2596
Denmark,Aloe Relief,-1166
Denmark,Firefly Climbing Lamp,2067
Denmark,Star Lite,3161
Denmark,Husky Rope 100,128
Denmark,Lady Hailstorm Steel Irons,936
Denmark,Husky Rope 50,1345
Denmark,Sun Shelter 15,-7294
Denmark,Mountain Man Deluxe,2695
Denmark,Mountain Man Digital,845
Denmark,Star Gazer 6,572
Denmark,Canyon Mule Cooler,4037
Denmark,Polar Wave,135
Denmark,TrailChef Utensils,4858
Denmark,Inferno,30970
Denmark,TrailChef Cook Set,10817
Denmark,TrailChef Canteen,15152
Denmark,Polar Sun,5332
Denmark,Hibernator Pillow,4162
Denmark,Fairway,20968
Denmark,Star Gazer 3,285
Denmark,Seeker Extreme,-151
Denmark,Hibernator Extreme,1050
Denmark,Trail Star,-680
Denmark,Granite Shovel,1927
Denmark,Trail Scout,-101
Denmark,Husky Rope 200,753
Denmark,Hibernator Lite,9484
Denmark,Firefly Charger,3070
Denmark,Glacier GPS,2139
Denmark,Granite Hammer,7
Denmark,Max Gizmo,6030
Denmark,BugShield Spray,-1209
Denmark,Calamine Relief,-367
Denmark,Sky Pilot,677
Denmark,Granite Grip,6495
Denmark,TrailChef Kitchen Kit,4141
Denmark,Firefly 2,3398
Denmark,TrailChef Cup,39320
Denmark,Hailstorm Titanium Woods Set,1205
Denmark,Hibernator Camp Cot,2584
Denmark,Husky Harness,4650
Denmark,Insect Bite Relief,-957
Denmark,Polar Extreme,-104
Denmark,Lady Hailstorm Titanium Woods Set,441
Denmark,Auto Pilot,852
Denmark,Firefly Mapreader,3999
Denmark,Blue Steel Max Putter,1330
Denmark,Infinity,5067
Denmark,Granite Extreme,6638
Denmark,Hibernator,6009
Denmark,Sun Blocker,-812
Denmark,Granite Pulley,4748
Denmark,Hailstorm Steel Irons,1803
Denmark,Granite Carabiner,28718
Denmark,Firefly Rechargeable Battery,2588
Denmark,Granite Ice,2616
Denmark,TrailChef Single Flame,3117
Denmark,BugShield Extreme,-19343
Denmark,Sun Shelter Stick,-3556
Denmark,Edge Extreme,-430
Denmark,Bella,11820
Denmark,Seeker 35,2527
Denmark,TX,3093
Denmark,Mountain Man Extreme,30
Denmark,Cat Eye,49180
Denmark,Venue,794
Denmark,TrailChef Deluxe Cook Set,2023
Denmark,Double Edge,8266
Denmark,EverGlow Double,533
Denmark,Bear Survival Edge,514
Denmark,Bear Edge,555
Denmark,Course Pro Umbrella,7553
Denmark,Firefly 4,6015
Denmark,Course Pro Putter,3637
Denmark,Seeker 50,1128
Denmark,Glacier Basic,4266
Denmark,Course Pro Golf and Tee Set,8320
Denmark,TrailChef Water Bag,48849
Denmark,Course Pro Gloves,5433
Denmark,Star Gazer 2,887
Denmark,TrailChef Kettle,17625
Denmark,Glacier Deluxe,1752
Denmark,Sun Shelter 30,-15099
Denmark,Firefly Lite,7749
Denmark,Trendi,10143
Denmark,Astro Pilot,2800
Denmark,Canyon Mule Extreme Backpack,986
Denmark,Lady Hailstorm Steel Woods Set,876
Denmark,Hailstorm Titanium Irons,925
Denmark,Hailstorm Steel Woods Set,1788
Denmark,Granite Climbing Helmet,503
Denmark,Deluxe Family Relief Kit,-1651
Denmark,Polar Ice,1014
Denmark,BugShield Lotion,-6216
Denmark,Hibernator Pad,6066
Denmark,TrailChef Double Flame,2304
Denmark,Polar Sports,4243
Denmark,Husky Harness Extreme,3894
Denmark,Zone,51419
Denmark,Granite Belay,3309
Denmark,Maximus,18655
Denmark,EverGlow Single,4929
Denmark,Granite Axe,9940
Denmark,Single Edge,30004
Denmark,Compact Relief Kit,-1704
Denmark,Granite Signal Mirror,971
Denmark,Seeker Mini,1290
Denmark,Sam,15314
Denmark,Lady Hailstorm Titanium Irons,695
Denmark,Kodiak,1217
Denmark,Course Pro Golf Bag,622
Denmark,BugShield Lotion Lite,-2321
Denmark,Star Peg,5927
Denmark,Sun Shield,-5291
Denmark,Canyon Mule Weekender Backpack,2274
Denmark,Dante,4924
Denmark,Flicker Lantern,2176
Finland,BugShield Lotion Lite,-1169
Finland,Lux,2178
Finland,Star Peg,22218
Finland,EverGlow Lamp,22632
Finland,Mountain Man Deluxe,5923
Finland,Trail Master,-328
Finland,Firefly Lite,14860
Finland,Blue Steel Putter,2040
Finland,Flicker Lantern,4620
Finland,Course Pro Golf and Tee Set,10144
Finland,Hibernator Camp Cot,6468
Finland,Granite Ice,25789
Finland,Hibernator Lite,25329
Finland,Star Gazer 2,6513
Finland,Zodiak,1740
Finland,Granite Carabiner,338239
Finland,Capri,12233
Finland,Hailstorm Titanium Irons,1799
Finland,Edge Extreme,14609
Finland,Husky Rope 60,7625
Finland,TrailChef Deluxe Cook Set,9035
Finland,Blue Steel Max Putter,2405
Finland,Mountain Man Combination,1180
Finland,Calamine Relief,-547
Finland,Bear Survival Edge,1775
Finland,Husky Harness,26534
Finland,Hibernator Pillow,6029
Finland,Firefly Rechargeable Battery,121132
Finland,Canyon Mule Journey Backpack,8607
Finland,Husky Rope 50,14687
Finland,Granite Chalk Bag,22578
Finland,Sun Shield,-7872
Finland,Hibernator Self - Inflating Mat,13507
Finland,Canyon Mule Cooler,23450
Finland,Husky Rope 200,6519
Finland,Trendi,9021
Finland,Lady Hailstorm Titanium Woods Set,744
Finland,Mountain Man Extreme,1455
Finland,Firefly 2,6382
Finland,Star Gazer 3,4235
Finland,Canyon Mule Extreme Backpack,7063
Finland,Hailstorm Steel Irons,2092
Finland,Infinity,8701
Finland,Mountain Man Analog,5212
Finland,Dante,9567
Finland,Venue,-2299
Finland,Firefly Multi-light,3541
Finland,Legend,647
Finland,Seeker Extreme,4882
Finland,Bella,10289
Finland,TrailChef Cup,65645
Finland,TrailChef Single Flame,17767
Finland,Kodiak,295
Finland,Polar Sports,5564
Finland,Polar Ice,1624
Finland,Canyon Mule Carryall,7546
Finland,Bear Edge,13198
Finland,Max Gizmo,7573
Finland,Seeker 35,6460
Finland,Retro,27627
Finland,Star Gazer 6,771
Finland,Sam,13596
Finland,Fairway,32093
Finland,EverGlow Butane,4799
Finland,Pocket Gizmo,22666
Finland,Cat Eye,43212
Finland,Auto Pilot,860
Finland,Insect Bite Relief,-106
Finland,Trail Scout,-172
Finland,Compact Relief Kit,15
Finland,Sun Shelter Stick,-3957
Finland,Granite Pulley,38004
Finland,TrailChef Cook Set,32540
Finland,Course Pro Putter,7734
Finland,Granite Signal Mirror,14951
Finland,BugShield Extreme,-45938
Finland,Hibernator,3560
Finland,Husky Rope 100,14057
Finland,Polar Sun,7306
Finland,TrailChef Canteen,13143
Finland,EverGlow Single,11416
Finland,Inferno,30267
Finland,Granite Hammer,14998
Finland,EverGlow Double,999
Finland,Star Lite,17724
Finland,Astro Pilot,2957
Finland,Sun Blocker,-4615
Finland,Hibernator Extreme,16762
Finland,Course Pro Golf Bag,1039
Finland,Deluxe Family Relief Kit,-931
Finland,Aloe Relief,-2861
Finland,Course Pro Gloves,14493
Finland,Granite Shovel,10171
Finland,Firefly Climbing Lamp,21732
Finland,TrailChef Kettle,12378
Finland,Granite Climbing Helmet,41400
Finland,Hawk Eye,28078
Finland,Canyon Mule Climber Backpack,26715
Finland,Sun Shelter 15,-8459
Finland,Canyon Mule Weekender Backpack,5151
Finland,Star Dome,2824
Finland,Granite Grip,32329
Finland,Lady Hailstorm Titanium Irons,1086
Finland,TrailChef Water Bag,143852
Finland,Double Edge,20581
Finland,Sky Pilot,869
Finland,EverGlow Kerosene,6843
Finland,BugShield Lotion,-6224
Finland,Polar Extreme,100
Finland,Hailstorm Titanium Woods Set,1419
Finland,Firefly Charger,30397
Finland,TrailChef Kitchen Kit,6033
Finland,Granite Extreme,38778
Finland,Seeker Mini,3147
Finland,Glacier GPS Extreme,7370
Finland,Opera Vision,87
Finland,TrailChef Utensils,23022
Finland,Zone,31474
Finland,TX,2719
Finland,TrailChef Double Flame,4952
Finland,Hailstorm Steel Woods Set,1641
Finland,Hibernator Pad,4672
Finland,Husky Harness Extreme,30618
Finland,Firefly Mapreader,19551
Finland,Glacier GPS,12616
Finland,Granite Axe,56169
Finland,BugShield Natural,-13865
Finland,Course Pro Umbrella,10395
Finland,Firefly 4,8383
Finland,BugShield Spray,-5109
Finland,Lady Hailstorm Steel Irons,1146
Finland,Glacier Basic,29415
Finland,Polar Wave,294
Finland,Firefly Extreme,5783
Finland,Trail Star,-799
Finland,Mountain Man Digital,3105
Finland,Single Edge,97908
Finland,Seeker 50,3625
Finland,Lady Hailstorm Steel Woods Set,765
Finland,Glacier Deluxe,3314
Finland,Sun Shelter 30,-10615
Finland,Granite Belay,26039
Finland,Maximus,23313
Finland,Ranger Vision,2566
France,Max Gizmo,15419
France,Lady Hailstorm Steel Woods Set,4696
France,Mountain Man Deluxe,8660
France,Calamine Relief,-3695
France,Blue Steel Putter,9238
France,Hailstorm Steel Woods Set,9934
France,Firefly 4,18505
France,Hailstorm Steel Irons,9833
France,Double Edge,37207
France,Hibernator Pillow,31410
France,Hibernator Camp Cot,20236
France,Seeker Extreme,4028
France,Husky Rope 100,10761
France,Star Gazer 2,11199
France,Granite Climbing Helmet,28040
France,Bear Edge,12182
France,Granite Grip,39545
France,Glacier GPS,20461
France,BugShield Spray,-21059
France,Course Pro Golf Bag,4471
France,Flicker Lantern,10527
France,Firefly Extreme,3179
France,Trail Scout,-1867
France,Polar Sun,22735
France,Polar Ice,4029
France,Mountain Man Analog,12252
France,Hibernator,27573
France,Blue Steel Max Putter,10078
France,Seeker Mini,7985
France,Dante,17792
France,TrailChef Deluxe Cook Set,20314
France,Bella,28885
France,Canyon Mule Journey Backpack,17865
France,Retro,80460
France,Edge Extreme,10205
France,Lux,3494
France,Lady Hailstorm Titanium Irons,4007
France,TrailChef Water Bag,170340
France,Canyon Mule Cooler,56696
France,Canyon Mule Carryall,30919
France,Granite Belay,20308
France,EverGlow Butane,5171
France,Opera Vision,-2831
France,Husky Rope 60,6460
France,Mountain Man Combination,1781
France,Husky Harness,20814
France,Granite Axe,65218
France,Granite Signal Mirror,11730
France,TrailChef Kitchen Kit,47703
France,Trendi,-3378
France,Star Gazer 6,2465
France,Single Edge,183869
France,TrailChef Single Flame,30065
France,Aloe Relief,-4218
France,Compact Relief Kit,-3024
France,Trail Star,-5918
France,Mountain Man Digital,3476
France,Legend,1185
France,Hailstorm Titanium Woods Set,8084
France,Ranger Vision,9777
France,Seeker 50,8342
France,Star Gazer 3,5581
France,Polar Wave,935
France,TrailChef Cup,125990
France,EverGlow Lamp,63835
France,Firefly 2,32875
France,Seeker 35,14585
France,Kodiak,-1774
France,Star Lite,15476
France,Zone,110509
France,Granite Carabiner,273848
France,Canyon Mule Climber Backpack,25979
France,Lady Hailstorm Titanium Woods Set,3694
France,Firefly Mapreader,40464
France,TrailChef Canteen,52419
France,EverGlow Kerosene,6073
France,Sun Shelter 15,-28522
France,Star Dome,8415
France,Sun Shelter Stick,-21722
France,TrailChef Cook Set,40909
France,Sun Blocker,-18199
France,Course Pro Umbrella,46254
France,Sun Shelter 30,-81651
France,Husky Rope 200,5166
France,BugShield Extreme,-37820
France,Mountain Man Extreme,173
France,Firefly Multi-light,16885
France,BugShield Natural,-22758
France,BugShield Lotion Lite,-10374
France,Granite Pulley,27584
France,Firefly Climbing Lamp,17955
France,Course Pro Putter,36004
France,Firefly Lite,39339
France,Canyon Mule Weekender Backpack,20778
France,BugShield Lotion,-26455
France,Insect Bite Relief,-7227
France,Sky Pilot,2459
France,Bear Survival Edge,4908
France,Course Pro Golf and Tee Set,49253
France,Hailstorm Titanium Irons,8145
France,Polar Sports,18158
France,Auto Pilot,1947
France,Inferno,89490
France,Glacier GPS Extreme,3362
France,Sam,37237
France,Husky Rope 50,9638
France,Granite Chalk Bag,16657
France,EverGlow Double,3329
France,TX,2239
France,TrailChef Utensils,34864
France,Venue,2881
France,Sun Shield,-36897
France,Pocket Gizmo,22591
France,Lady Hailstorm Steel Irons,4745
France,Granite Ice,27484
France,Glacier Deluxe,5011
France,Maximus,55002
France,Infinity,16338
France,Hibernator Lite,32894
France,Granite Shovel,13322
France,Zodiak,6317
France,Granite Hammer,18571
France,Trail Master,-1868
France,Fairway,56667
France,Glacier Basic,27408
France,Star Peg,87560
France,Firefly Rechargeable Battery,111954
France,Hibernator Extreme,9181
France,Husky Harness Extreme,32130
France,Polar Extreme,507
France,Cat Eye,119297
France,Granite Extreme,40951
France,Hawk Eye,89853
France,Hibernator Self - Inflating Mat,19166
France,EverGlow Single,42162
France,Hibernator Pad,34913
France,Astro Pilot,9591
France,Deluxe Family Relief Kit,-6756
France,Canyon Mule Extreme Backpack,5769
France,Course Pro Gloves,55907
France,TrailChef Double Flame,8003
France,Firefly Charger,25565
France,Capri,31157
France,TrailChef Kettle,139695
Germany,Fairway,33537
Germany,Canyon Mule Journey Backpack,13478
Germany,Legend,-176
Germany,BugShield Lotion,-42392
Germany,Zone,98445
Germany,Course Pro Gloves,62827
Germany,TrailChef Cup,96765
Germany,Granite Grip,45269
Germany,Mountain Man Deluxe,9148
Germany,Infinity,12232
Germany,Firefly Multi-light,10044
Germany,TX,5332
Germany,Lady Hailstorm Steel Woods Set,3400
Germany,Granite Pulley,38137
Germany,TrailChef Kitchen Kit,23760
Germany,TrailChef Cook Set,47171
Germany,Granite Climbing Helmet,33134
Germany,Hailstorm Titanium Woods Set,5811
Germany,Sun Shield,-53314
Germany,BugShield Spray,-15200
Germany,Zodiak,8140
Germany,Pocket Gizmo,32257
Germany,Maximus,34717
Germany,Glacier GPS,20777
Germany,Single Edge,223115
Germany,Polar Sports,16991
Germany,Edge Extreme,15697
Germany,Mountain Man Extreme,908
Germany,Granite Carabiner,301506
Germany,Venue,3269
Germany,Course Pro Umbrella,56907
Germany,Granite Hammer,21812
Germany,Lux,1806
Germany,Husky Rope 200,6543
Germany,Hawk Eye,49855
Germany,Star Dome,5832
Germany,Mountain Man Analog,10436
Germany,Granite Chalk Bag,22617
Germany,Granite Shovel,15028
Germany,Hailstorm Steel Woods Set,8755
Germany,Seeker Mini,4016
Germany,Sun Shelter Stick,-24217
Germany,Firefly Rechargeable Battery,147812
Germany,Seeker 50,7168
Germany,Kodiak,-2017
Germany,Glacier Deluxe,8720
Germany,Canyon Mule Extreme Backpack,7412
Germany,EverGlow Lamp,45900
Germany,Husky Rope 100,14872
Germany,Hibernator Extreme,12812
Germany,Compact Relief Kit,-3344
Germany,Polar Wave,726
Germany,Bear Survival Edge,5755
Germany,Trail Star,-4340
Germany,Firefly Mapreader,34617
Germany,TrailChef Kettle,97087
Germany,Husky Harness,23049
Germany,Firefly 4,12185
Germany,Seeker Extreme,4884
Germany,BugShield Extreme,-35909
Germany,Deluxe Family Relief Kit,-12213
Germany,Blue Steel Putter,8225
Germany,Granite Axe,68903
Germany,Lady Hailstorm Titanium Woods Set,3367
Germany,Granite Extreme,55159
Germany,Sun Shelter 30,-66843
Germany,Aloe Relief,-3536
Germany,Granite Belay,25912
Germany,Glacier GPS Extreme,6935
Germany,Glacier Basic,33115
Germany,Retro,55465
Germany,Seeker 35,14054
Germany,Ranger Vision,7501
Germany,Auto Pilot,1351
Germany,Hibernator,15946
Germany,Double Edge,32332
Germany,EverGlow Single,28735
Germany,Bear Edge,12798
Germany,Opera Vision,-1634
Germany,Cat Eye,77827
Germany,Trendi,2676
Germany,Hibernator Self - Inflating Mat,14636
Germany,Canyon Mule Climber Backpack,30162
Germany,Hailstorm Steel Irons,9901
Germany,Star Lite,18198
Germany,Lady Hailstorm Steel Irons,5653
Germany,TrailChef Utensils,33922
Germany,Hibernator Pad,23940
Germany,Mountain Man Digital,2870
Germany,Granite Signal Mirror,14047
Germany,Star Gazer 3,5199
Germany,Star Peg,88445
Germany,Polar Extreme,518
Germany,Course Pro Golf Bag,4258
Germany,Inferno,65592
Germany,Max Gizmo,19540
Germany,Sky Pilot,1735
Germany,Canyon Mule Cooler,56724
Germany,Canyon Mule Carryall,23590
Germany,TrailChef Water Bag,154053
Germany,Hibernator Pillow,25129
Germany,Course Pro Golf and Tee Set,55484
Germany,Firefly Extreme,6349
Germany,Insect Bite Relief,-6627
Germany,Husky Rope 50,13344
Germany,Course Pro Putter,29007
Germany,TrailChef Canteen,32621
Germany,Calamine Relief,-3453
Germany,Lady Hailstorm Titanium Irons,5401
Germany,Sun Blocker,-21856
Germany,Sam,27049
Germany,Astro Pilot,7832
Germany,Polar Sun,25689
Germany,Polar Ice,4503
Germany,TrailChef Double Flame,6956
Germany,EverGlow Double,1735
Germany,Husky Harness Extreme,34192
Germany,Granite Ice,30952
Germany,Firefly 2,17687
Germany,Sun Shelter 15,-41966
Germany,Star Gazer 6,1840
Germany,EverGlow Kerosene,9218
Germany,BugShield Natural,-28525
Germany,Firefly Climbing Lamp,21797
Germany,Hibernator Lite,35117
Germany,Firefly Lite,23453
Germany,Trail Scout,-590
Germany,Dante,19905
Germany,Canyon Mule Weekender Backpack,14544
Germany,EverGlow Butane,5806
Germany,TrailChef Deluxe Cook Set,17467
Germany,Star Gazer 2,9538
Germany,Firefly Charger,30821
Germany,Capri,23608
Germany,Husky Rope 60,7328
Germany,Trail Master,-1215
Germany,Bella,15508
Germany,TrailChef Single Flame,29137
Germany,Hibernator Camp Cot,15681
Germany,BugShield Lotion Lite,-14247
Germany,Mountain Man Combination,1600
Germany,Flicker Lantern,5970
Germany,Hailstorm Titanium Irons,8000
Germany,Blue Steel Max Putter,9753
Italy,Bella,12558
Italy,Polar Ice,2918
Italy,Venue,1225
Italy,Glacier Basic,36258
Italy,Inferno,64814
Italy,Trail Scout,-1069
Italy,Star Lite,12999
Italy,Zone,73740
Italy,Firefly 2,17229
Italy,Maximus,30302
Italy,Deluxe Family Relief Kit,597
Italy,Lady Hailstorm Steel Irons,1864
Italy,Blue Steel Putter,5682
Italy,BugShield Lotion,-1337
Italy,Hibernator,22526
Italy,Cat Eye,83507
Italy,Husky Rope 200,3540
Italy,Trendi,10528
Italy,BugShield Spray,-2936
Italy,TrailChef Deluxe Cook Set,13875
Italy,Pocket Gizmo,15672
Italy,Canyon Mule Climber Backpack,23968
Italy,EverGlow Kerosene,13199
Italy,TrailChef Cup,53254
Italy,Single Edge,157961
Italy,Lady Hailstorm Titanium Irons,2374
Italy,Seeker Extreme,4760
Italy,Star Gazer 2,7081
Italy,Canyon Mule Cooler,46330
Italy,Husky Rope 60,3256
Italy,TrailChef Kettle,84925
Italy,BugShield Extreme,-11131
Italy,Sun Shelter 15,-824
Italy,EverGlow Lamp,24976
Italy,Course Pro Golf Bag,2497
Italy,Astro Pilot,6183
Italy,Hailstorm Steel Irons,4226
Italy,Granite Carabiner,222174
Italy,Granite Ice,19688
Italy,Granite Belay,18669
Italy,Hibernator Extreme,9705
Italy,TrailChef Canteen,19508
Italy,Hawk Eye,37748
Italy,Star Peg,61184
Italy,Glacier Deluxe,7275
Italy,Capri,29754
Italy,Husky Harness Extreme,21726
Italy,Sun Blocker,-2604
Italy,BugShield Natural,-12751
Italy,Ranger Vision,2279
Italy,Mountain Man Analog,9022
Italy,Husky Rope 50,6790
Italy,Blue Steel Max Putter,4964
Italy,Seeker Mini,5892
Italy,Hibernator Pillow,17087
Italy,Polar Wave,486
Italy,Mountain Man Deluxe,6014
Italy,Polar Sun,9487
Italy,Granite Grip,18986
Italy,TrailChef Kitchen Kit,31924
Italy,Granite Shovel,8663
Italy,Fairway,40970
Italy,Retro,45633
Italy,Firefly 4,10023
Italy,EverGlow Double,1647
Italy,Firefly Lite,11602
Italy,Insect Bite Relief,-1574
Italy,Polar Extreme,574
Italy,TrailChef Double Flame,7198
Italy,Firefly Rechargeable Battery,94993
Italy,Canyon Mule Journey Backpack,8620
Italy,Husky Rope 100,6613
Italy,Bear Edge,16110
Italy,TrailChef Water Bag,61155
Italy,Bear Survival Edge,5721
Italy,Hailstorm Titanium Woods Set,4624
Italy,Course Pro Golf and Tee Set,23378
Italy,Firefly Climbing Lamp,15472
Italy,EverGlow Single,21224
Italy,Polar Sports,8212
Italy,Sun Shield,-1535
Italy,Trail Master,-773
Italy,Lady Hailstorm Steel Woods Set,1132
Italy,TrailChef Utensils,33771
Italy,Double Edge,36147
Italy,Husky Harness,13630
Italy,Hailstorm Titanium Irons,5108
Italy,Mountain Man Extreme,814
Italy,Granite Signal Mirror,10643
Italy,Trail Star,-2967
Italy,Hibernator Camp Cot,16448
Italy,Granite Axe,33159
Italy,Hibernator Pad,18203
Italy,Dante,18066
Italy,Sun Shelter 30,-7115
Italy,Sky Pilot,1802
Italy,Hailstorm Steel Woods Set,2780
Italy,Granite Hammer,13405
Italy,Hibernator Lite,17474
Italy,Granite Climbing Helmet,25787
Italy,Granite Extreme,23480
Italy,TrailChef Single Flame,30010
Italy,Lady Hailstorm Titanium Woods Set,2178
Italy,Canyon Mule Weekender Backpack,11129
Italy,Mountain Man Combination,1039
Italy,Seeker 35,13294
Italy,Zodiak,4383
Italy,Firefly Multi-light,7605
Italy,Glacier GPS,21426
Italy,Course Pro Umbrella,28426
Italy,Edge Extreme,12924
Italy,TX,3869
Italy,Seeker 50,6588
Italy,Granite Chalk Bag,10467
Italy,Legend,735
Italy,EverGlow Butane,3364
Italy,Flicker Lantern,7309
Italy,Star Dome,3013
Italy,Calamine Relief,-716
Italy,Canyon Mule Carryall,19305
Italy,Course Pro Putter,15673
Italy,Course Pro Gloves,42722
Italy,Sun Shelter Stick,-4839
Italy,Firefly Extreme,4468
Italy,Hibernator Self - Inflating Mat,13326
Italy,Star Gazer 3,3739
Italy,Aloe Relief,-492
Italy,Canyon Mule Extreme Backpack,3728
Italy,TrailChef Cook Set,28129
Italy,Granite Pulley,26147
Italy,Firefly Mapreader,21823
Italy,Firefly Charger,21771
Italy,Star Gazer 6,1127
Italy,Glacier GPS Extreme,5071
Italy,Mountain Man Digital,4011
Italy,Compact Relief Kit,-433
Italy,Sam,28922
Italy,BugShield Lotion Lite,-1257
Italy,Infinity,8712
Italy,Max Gizmo,9197
Italy,Kodiak,1355
Italy,Opera Vision,-426
Italy,Lux,3178
Italy,Auto Pilot,1217
Japan,Retro,64272
Japan,Maximus,43192
Japan,TrailChef Canteen,23891
Japan,Firefly Charger,11524
Japan,Firefly Climbing Lamp,8138
Japan,Flicker Lantern,8998
Japan,Star Gazer 6,1493
Japan,Star Dome,5388
Japan,Kodiak,3404
Japan,Polar Ice,4097
Japan,Firefly Rechargeable Battery,50527
Japan,Hibernator Pillow,16188
Japan,Granite Ice,12562
Japan,Sun Shield,-16099
Japan,Glacier Deluxe,3163
Japan,BugShield Natural,-14393
Japan,Canyon Mule Cooler,40536
Japan,Course Pro Putter,45070
Japan,TX,11190
Japan,Canyon Mule Carryall,18100
Japan,Trail Master,-1047
Japan,Canyon Mule Journey Backpack,10187
Japan,Venue,17974
Japan,Granite Signal Mirror,6940
Japan,Ranger Vision,12143
Japan,Mountain Man Analog,11180
Japan,Cat Eye,100467
Japan,Hawk Eye,100229
Japan,Inferno,87184
Japan,Legend,5262
Japan,Course Pro Golf Bag,7488
Japan,EverGlow Butane,1605
Japan,Star Lite,10489
Japan,Glacier GPS,16357
Japan,Edge Extreme,7151
Japan,Pocket Gizmo,70110
Japan,Capri,43052
Japan,Lady Hailstorm Steel Irons,5824
Japan,Sky Pilot,2290
Japan,Aloe Relief,-749
Japan,Lux,8233
Japan,TrailChef Kettle,101514
Japan,Trendi,13441
Japan,Firefly Multi-light,13641
Japan,Course Pro Golf and Tee Set,68726
Japan,Hailstorm Titanium Irons,8624
Japan,Canyon Mule Climber Backpack,21191
Japan,Husky Harness,9910
Japan,Granite Climbing Helmet,14575
Japan,Zodiak,11697
Japan,Granite Belay,9735
Japan,Bear Edge,9221
Japan,Granite Extreme,20921
Japan,Insect Bite Relief,-1904
Japan,Max Gizmo,20554
Japan,Calamine Relief,-1561
Japan,Seeker Extreme,3326
Japan,EverGlow Kerosene,10662
Japan,Granite Carabiner,127565
Japan,TrailChef Water Bag,114193
Japan,Husky Rope 200,2483
Japan,EverGlow Lamp,40184
Japan,Hibernator Camp Cot,11828
Japan,Mountain Man Extreme,563
Japan,Lady Hailstorm Titanium Irons,5771
Japan,Firefly Extreme,2772
Japan,Sun Shelter 15,-6984
Japan,TrailChef Deluxe Cook Set,13430
Japan,Glacier Basic,29551
Japan,TrailChef Kitchen Kit,27146
Japan,Husky Rope 100,5190
Japan,Husky Rope 60,3683
Japan,Star Gazer 2,9422
Japan,Granite Axe,32734
Japan,Husky Rope 50,6579
Japan,Sam,33535
Japan,Husky Harness Extreme,11487
Japan,Lady Hailstorm Steel Woods Set,3759
Japan,Bear Survival Edge,2512
Japan,Dante,28729
Japan,Sun Shelter 30,-22085
Japan,Sun Shelter Stick,-11950
Japan,Firefly Lite,17075
Japan,Hailstorm Steel Irons,10183
Japan,Granite Hammer,8500
Japan,Astro Pilot,8808
Japan,Lady Hailstorm Titanium Woods Set,4164
Japan,TrailChef Double Flame,7964
Japan,Course Pro Gloves,91299
Japan,BugShield Spray,-7828
Japan,Bella,17880
Japan,Hibernator,16680
Japan,Trail Scout,-1121
Japan,TrailChef Cook Set,18761
Japan,Trail Star,-2531
Japan,Hibernator Extreme,3663
Japan,BugShield Extreme,-36578
Japan,BugShield Lotion Lite,-1252
Japan,TrailChef Utensils,26581
Japan,Zone,135442
Japan,Canyon Mule Weekender Backpack,12681
Japan,Seeker 35,10392
Japan,Hibernator Pad,16844
Japan,Granite Pulley,14528
Japan,Fairway,87892
Japan,Infinity,18390
Japan,Blue Steel Putter,12350
Japan,Single Edge,97850
Japan,Polar Wave,1013
Japan,Granite Chalk Bag,8163
Japan,Granite Grip,22097
Japan,Canyon Mule Extreme Backpack,4506
Japan,Mountain Man Digital,3374
Japan,Sun Blocker,-4776
Japan,Star Peg,73393
Japan,Mountain Man Combination,937
Japan,Blue Steel Max Putter,14137
Japan,Polar Sun,19917
Japan,Seeker 50,5519
Japan,BugShield Lotion,-7347
Japan,Hailstorm Steel Woods Set,9991
Japan,Course Pro Umbrella,65635
Japan,EverGlow Single,10577
Japan,Hibernator Lite,12364
Japan,Firefly 4,8216
Japan,Polar Extreme,649
Japan,EverGlow Double,1426
Japan,Firefly 2,17161
Japan,TrailChef Single Flame,23362
Japan,Firefly Mapreader,25960
Japan,Hailstorm Titanium Woods Set,6724
Japan,Granite Shovel,7549
Japan,Seeker Mini,5025
Japan,Double Edge,25446
Japan,Star Gazer 3,3564
Japan,Glacier GPS Extreme,1855
Japan,Deluxe Family Relief Kit,-1466
Japan,Hibernator Self - Inflating Mat,16641
Japan,Compact Relief Kit,-2154
Japan,TrailChef Cup,41734
Japan,Opera Vision,341
Japan,Mountain Man Deluxe,7831
Japan,Polar Sports,15900
Japan,Auto Pilot,3926
Korea,Hibernator Pillow,10196
Korea,TrailChef Kitchen Kit,30237
Korea,Canyon Mule Climber Backpack,13301
Korea,Seeker 35,10217
Korea,Course Pro Gloves,57618
Korea,Insect Bite Relief,-2828
Korea,Bear Edge,11418
Korea,Opera Vision,46
Korea,Firefly Rechargeable Battery,34398
Korea,Firefly Multi-light,4777
Korea,Lady Hailstorm Titanium Irons,3232
Korea,Retro,25410
Korea,Hawk Eye,24467
Korea,Dante,14915
Korea,Granite Ice,8223
Korea,Firefly Mapreader,19196
Korea,Granite Shovel,4154
Korea,Hibernator Lite,15708
Korea,Granite Grip,11873
Korea,Mountain Man Deluxe,8398
Korea,Granite Axe,27262
Korea,Sky Pilot,1532
Korea,Mountain Man Digital,3261
Korea,Lux,4247
Korea,BugShield Extreme,-32201
Korea,Course Pro Umbrella,36597
Korea,Husky Rope 50,3556
Korea,Firefly Lite,9475
Korea,Seeker Mini,6728
Korea,Trail Scout,-372
Korea,Trail Star,-950
Korea,Bella,8559
Korea,Hibernator,13353
Korea,Polar Sports,13683
Korea,Calamine Relief,-1716
Korea,Bear Survival Edge,4073
Korea,Trail Master,-273
Korea,Blue Steel Putter,7043
Korea,Seeker 50,6977
Korea,Inferno,37417
Korea,TrailChef Deluxe Cook Set,10141
Korea,Maximus,18360
Korea,EverGlow Lamp,19923
Korea,Blue Steel Max Putter,6583
Korea,Firefly 4,8287
Korea,Polar Extreme,571
Korea,Sun Blocker,-7585
Korea,Polar Wave,923
Korea,Single Edge,98280
Korea,Firefly Charger,7446
Korea,Legend,1196
Korea,Canyon Mule Cooler,48414
Korea,Course Pro Golf and Tee Set,47444
Korea,Sun Shield,-11725
Korea,Hailstorm Titanium Irons,6530
Korea,Mountain Man Analog,10365
Korea,Aloe Relief,-1069
Korea,Husky Rope 200,1584
Korea,Firefly 2,19573
Korea,Canyon Mule Carryall,9766
Korea,Granite Carabiner,83006
Korea,Pocket Gizmo,30436
Korea,Hailstorm Steel Irons,6904
Korea,Sam,8590
Korea,Hibernator Extreme,2429
Korea,Firefly Climbing Lamp,5345
Korea,Zone,60446
Korea,Granite Belay,6755
Korea,Star Dome,1989
Korea,TrailChef Single Flame,13799
Korea,Mountain Man Combination,779
Korea,Glacier Deluxe,4204
Korea,Flicker Lantern,6999
Korea,Astro Pilot,3950
Korea,TrailChef Cup,38944
Korea,Hibernator Self - Inflating Mat,10115
Korea,Auto Pilot,1155
Korea,TrailChef Utensils,14490
Korea,Husky Harness Extreme,7690
Korea,Star Lite,12650
Korea,Trendi,6467
Korea,BugShield Lotion Lite,-3515
Korea,TrailChef Canteen,20617
Korea,Course Pro Golf Bag,4138
Korea,Seeker Extreme,4113
Korea,Mountain Man Extreme,523
Korea,Granite Climbing Helmet,11630
Korea,Sun Shelter 15,-9852
Korea,TrailChef Cook Set,8472
Korea,Double Edge,19920
Korea,Infinity,8064
Korea,Husky Harness,5753
Korea,EverGlow Kerosene,6325
Korea,EverGlow Single,13956
Korea,Firefly Extreme,2652
Korea,Star Gazer 6,1216
Korea,Star Gazer 3,3090
Korea,Glacier GPS,20497
Korea,Max Gizmo,3605
Korea,Lady Hailstorm Steel Woods Set,3714
Korea,BugShield Natural,-4433
Korea,Granite Extreme,14017
Korea,Hailstorm Steel Woods Set,7715
Korea,Lady Hailstorm Steel Irons,3117
Korea,Granite Chalk Bag,5345
Korea,Glacier Basic,33969
Korea,Husky Rope 60,2041
Korea,Ranger Vision,3363
Korea,EverGlow Double,916
Korea,Canyon Mule Extreme Backpack,2073
Korea,Canyon Mule Weekender Backpack,12306
Korea,Kodiak,-16
Korea,Fairway,36067
Korea,Hibernator Camp Cot,7480
Korea,Glacier GPS Extreme,2725
Korea,Granite Pulley,9944
Korea,Canyon Mule Journey Backpack,7020
Korea,Compact Relief Kit,-694
Korea,Star Peg,61475
Korea,TrailChef Kettle,70428
Korea,Edge Extreme,3392
Korea,TX,3526
Korea,TrailChef Water Bag,39762
Korea,Sun Shelter Stick,-4141
Korea,Lady Hailstorm Titanium Woods Set,3352
Korea,TrailChef Double Flame,2523
Korea,BugShield Lotion,-11724
Korea,BugShield Spray,-18952
Korea,Granite Signal Mirror,3373
Korea,Capri,19422
Korea,Course Pro Putter,18530
Korea,Zodiak,7437
Korea,Venue,5840
Korea,Deluxe Family Relief Kit,-2131
Korea,Husky Rope 100,3415
Korea,Polar Ice,3754
Korea,Star Gazer 2,10726
Korea,Hibernator Pad,14080
Korea,Hailstorm Titanium Woods Set,7133
Korea,Sun Shelter 30,-24072
Korea,Granite Hammer,5559
Korea,Polar Sun,18274
Korea,EverGlow Butane,1841
Korea,Cat Eye,65161
Mexico,Firefly Multi-light,4867
Mexico,Lady Hailstorm Titanium Woods Set,750
Mexico,Hibernator Lite,31384
Mexico,Blue Steel Putter,2625
Mexico,Canyon Mule Cooler,29090
Mexico,Pocket Gizmo,8376
Mexico,Polar Ice,2198
Mexico,Canyon Mule Extreme Backpack,7045
Mexico,Aloe Relief,-1663
Mexico,EverGlow Lamp,43041
Mexico,Sam,19142
Mexico,Max Gizmo,-32
Mexico,Deluxe Family Relief Kit,-3204
Mexico,Mountain Man Deluxe,7128
Mexico,Sun Shelter 30,-16071
Mexico,Canyon Mule Carryall,13521
Mexico,Husky Harness,27613
Mexico,Granite Chalk Bag,18822
Mexico,Hailstorm Steel Irons,2417
Mexico,Seeker 50,3999
Mexico,Polar Extreme,358
Mexico,Granite Ice,34073
Mexico,TrailChef Kettle,80869
Mexico,Mountain Man Combination,1142
Mexico,Trail Master,-131
Mexico,Legend,1126
Mexico,Bella,16620
Mexico,Granite Carabiner,315178
Mexico,EverGlow Kerosene,8300
Mexico,Firefly Mapreader,24300
Mexico,Star Dome,4785
Mexico,Seeker 35,8799
Mexico,Star Gazer 6,1839
Mexico,BugShield Extreme,-19466
Mexico,BugShield Lotion Lite,-7096
Mexico,Zodiak,2382
Mexico,Glacier GPS,19179
Mexico,TrailChef Double Flame,7751
Mexico,Sun Blocker,-2584
Mexico,Astro Pilot,3476
Mexico,Blue Steel Max Putter,1938
Mexico,Course Pro Putter,3310
Mexico,Polar Sun,9612
Mexico,Bear Survival Edge,2875
Mexico,Hailstorm Steel Woods Set,1649
Mexico,Firefly Climbing Lamp,21256
Mexico,Course Pro Umbrella,14985
Mexico,Opera Vision,-11
Mexico,Edge Extreme,16281
Mexico,Hibernator Pillow,18344
Mexico,Mountain Man Extreme,768
Mexico,Granite Extreme,61944
Mexico,Polar Sports,6325
Mexico,Husky Rope 100,13853
Mexico,Firefly 4,10295
Mexico,Granite Climbing Helmet,39082
Mexico,Single Edge,73325
Mexico,Dante,4335
Mexico,Granite Hammer,22345
Mexico,Course Pro Golf Bag,1165
Mexico,Granite Pulley,39208
Mexico,Hibernator Pad,19283
Mexico,TrailChef Utensils,49882
Mexico,Sun Shelter Stick,257
Mexico,BugShield Lotion,-13768
Mexico,BugShield Spray,-5034
Mexico,TrailChef Deluxe Cook Set,12151
Mexico,Sun Shelter 15,-10945
Mexico,Firefly Charger,28301
Mexico,Trail Scout,4
Mexico,Firefly Rechargeable Battery,127492
Mexico,Maximus,28302
Mexico,Husky Rope 50,16217
Mexico,BugShield Natural,-7839
Mexico,TrailChef Water Bag,194612
Mexico,EverGlow Double,2191
Mexico,Hibernator Self - Inflating Mat,16372
Mexico,Flicker Lantern,8501
Mexico,Canyon Mule Journey Backpack,10155
Mexico,TrailChef Single Flame,23207
Mexico,Bear Edge,12159
Mexico,Compact Relief Kit,-2566
Mexico,Star Peg,82179
Mexico,Mountain Man Analog,7335
Mexico,EverGlow Butane,6497
Mexico,Star Gazer 3,4747
Mexico,Fairway,18332
Mexico,Insect Bite Relief,-1078
Mexico,Course Pro Golf and Tee Set,10994
Mexico,Firefly Lite,21275
Mexico,Double Edge,21896
Mexico,Inferno,52615
Mexico,Seeker Extreme,4158
Mexico,Mountain Man Digital,2362
Mexico,Seeker Mini,3552
Mexico,Granite Belay,25154
Mexico,Sun Shield,-8954
Mexico,Granite Signal Mirror,15860
Mexico,TrailChef Cook Set,32754
Mexico,Hawk Eye,26206
Mexico,Lady Hailstorm Steel Woods Set,1777
Mexico,Granite Shovel,15118
Mexico,Trail Star,-592
Mexico,Husky Rope 200,7455
Mexico,Cat Eye,60797
Mexico,Husky Rope 60,7364
Mexico,Kodiak,1349
Mexico,Lady Hailstorm Steel Irons,731
Mexico,TX,2658
Mexico,TrailChef Canteen,26988
Mexico,Sky Pilot,1017
Mexico,Hibernator Camp Cot,4413
Mexico,Granite Grip,50146
Mexico,Star Gazer 2,5880
Mexico,Firefly Extreme,7497
Mexico,Hailstorm Titanium Woods Set,1412
Mexico,Canyon Mule Weekender Backpack,7646
Mexico,Auto Pilot,520
Mexico,Canyon Mule Climber Backpack,26365
Mexico,TrailChef Kitchen Kit,13431
Mexico,Lady Hailstorm Titanium Irons,743
Mexico,Glacier Deluxe,3306
Mexico,Hailstorm Titanium Irons,1446
Mexico,Firefly 2,13041
Mexico,Calamine Relief,-488
Mexico,Venue,2548
Mexico,Hibernator Extreme,21333
Mexico,Infinity,5029
Mexico,Retro,31124
Mexico,TrailChef Cup,87498
Mexico,Capri,24794
Mexico,EverGlow Single,19873
Mexico,Star Lite,14125
Mexico,Ranger Vision,1849
Mexico,Glacier GPS Extreme,4138
Mexico,Lux,1529
Mexico,Granite Axe,73784
Mexico,Polar Wave,562
Mexico,Zone,45105
Mexico,Hibernator,22840
Mexico,Course Pro Gloves,20269
Mexico,Trendi,7930
Mexico,Husky Harness Extreme,39978
Mexico,Glacier Basic,30846
Netherlands,Kodiak,1080
Netherlands,BugShield Spray,-13006
Netherlands,Hailstorm Steel Woods Set,6205
Netherlands,Hibernator Lite,32609
Netherlands,Firefly Extreme,7405
Netherlands,Granite Axe,60382
Netherlands,TrailChef Utensils,43963
Netherlands,TrailChef Cup,112965
Netherlands,Bella,11295
Netherlands,Husky Rope 50,12243
Netherlands,Glacier GPS Extreme,5343
Netherlands,TrailChef Single Flame,29689
Netherlands,Fairway,35453
Netherlands,Canyon Mule Extreme Backpack,6800
Netherlands,Edge Extreme,13413
Netherlands,Husky Rope 60,6584
Netherlands,Aloe Relief,-2083
Netherlands,Husky Harness Extreme,27632
Netherlands,Hibernator Pillow,18113
Netherlands,Seeker Mini,5693
Netherlands,Star Lite,12831
Netherlands,BugShield Natural,-13244
Netherlands,Seeker 50,3827
Netherlands,Granite Extreme,52780
Netherlands,Star Gazer 2,7242
Netherlands,Star Gazer 6,1408
Netherlands,Maximus,28281
Netherlands,Firefly Rechargeable Battery,118027
Netherlands,EverGlow Double,2203
Netherlands,Polar Sun,10218
Netherlands,Seeker 35,11502
Netherlands,Cat Eye,97224
Netherlands,Granite Carabiner,265956
Netherlands,Lux,3369
Netherlands,Canyon Mule Climber Backpack,25546
Netherlands,TrailChef Double Flame,9078
Netherlands,Legend,1274
Netherlands,Trail Master,-525
Netherlands,Glacier Deluxe,3128
Netherlands,Lady Hailstorm Steel Irons,3748
Netherlands,Polar Extreme,296
Netherlands,TrailChef Cook Set,29628
Netherlands,Star Dome,6251
Netherlands,Infinity,11697
Netherlands,EverGlow Lamp,44608
Netherlands,Mountain Man Extreme,439
Netherlands,Sun Shelter 30,-23625
Netherlands,Trendi,21757
Netherlands,Lady Hailstorm Titanium Irons,3707
Netherlands,Capri,45918
Netherlands,Hailstorm Titanium Woods Set,4201
Netherlands,TrailChef Kettle,109020
Netherlands,TrailChef Kitchen Kit,27406
Netherlands,Sun Shield,-17539
Netherlands,Glacier Basic,32446
Netherlands,Granite Signal Mirror,12489
Netherlands,Granite Chalk Bag,17557
Netherlands,TrailChef Canteen,42909
Netherlands,Lady Hailstorm Titanium Woods Set,2220
Netherlands,Husky Harness,18391
Netherlands,Star Peg,95342
Netherlands,TX,6977
Netherlands,Polar Wave,276
Netherlands,Blue Steel Max Putter,6982
Netherlands,Opera Vision,-255
Netherlands,Hailstorm Titanium Irons,5880
Netherlands,Seeker Extreme,3538
Netherlands,Pocket Gizmo,19893
Netherlands,Course Pro Umbrella,34593
Netherlands,BugShield Lotion,-16790
Netherlands,Hawk Eye,54915
Netherlands,Deluxe Family Relief Kit,-4340
Netherlands,Calamine Relief,-2001
Netherlands,Canyon Mule Journey Backpack,13307
Netherlands,Retro,49200
Netherlands,Firefly Charger,27159
Netherlands,Hibernator Extreme,14702
Netherlands,Hibernator Camp Cot,14703
Netherlands,Double Edge,30775
Netherlands,Star Gazer 3,4478
Netherlands,Sun Shelter Stick,-4412
Netherlands,Zodiak,5271
Netherlands,Hibernator,19520
Netherlands,Mountain Man Combination,1333
Netherlands,Bear Survival Edge,5098
Netherlands,Hibernator Pad,21407
Netherlands,Granite Shovel,12898
Netherlands,Granite Hammer,16709
Netherlands,Firefly Multi-light,6338
Netherlands,Glacier GPS,15257
Netherlands,Polar Sports,6760
Netherlands,Single Edge,88381
Netherlands,BugShield Extreme,-40253
Netherlands,TrailChef Deluxe Cook Set,13670
Netherlands,Mountain Man Deluxe,7392
Netherlands,Course Pro Golf and Tee Set,38633
Netherlands,EverGlow Kerosene,10453
Netherlands,Sam,18025
Netherlands,Husky Rope 200,5669
Netherlands,Trail Star,-1247
Netherlands,Flicker Lantern,9199
Netherlands,BugShield Lotion Lite,-7407
Netherlands,Firefly Mapreader,27195
Netherlands,Granite Climbing Helmet,30006
Netherlands,Mountain Man Digital,2110
Netherlands,Granite Ice,20909
Netherlands,TrailChef Water Bag,139216
Netherlands,Sky Pilot,1322
Netherlands,Polar Ice,1804
Netherlands,Astro Pilot,6974
Netherlands,Husky Rope 100,12325
Netherlands,Granite Grip,38395
Netherlands,Trail Scout,-273
Netherlands,Mountain Man Analog,7605
Netherlands,Zone,89423
Netherlands,Hailstorm Steel Irons,7236
Netherlands,Inferno,62533
Netherlands,Firefly 4,13343
Netherlands,Canyon Mule Cooler,49463
Netherlands,Hibernator Self - Inflating Mat,14736
Netherlands,Granite Belay,23709
Netherlands,Ranger Vision,6127
Netherlands,Sun Shelter 15,-6752
Netherlands,Compact Relief Kit,-302
Netherlands,Blue Steel Putter,5998
Netherlands,Canyon Mule Carryall,19520
Netherlands,Course Pro Golf Bag,3856
Netherlands,Dante,32541
Netherlands,Course Pro Gloves,48017
Netherlands,Firefly Lite,19635
Netherlands,Sun Blocker,-6401
Netherlands,Auto Pilot,943
Netherlands,EverGlow Single,21207
Netherlands,Insect Bite Relief,-3516
Netherlands,Max Gizmo,15935
Netherlands,Granite Pulley,37488
Netherlands,Firefly 2,15509
Netherlands,Bear Edge,13654
Netherlands,Canyon Mule Weekender Backpack,11947
Netherlands,Firefly Climbing Lamp,19162
Netherlands,Course Pro Putter,22197
Netherlands,EverGlow Butane,5486
Netherlands,Lady Hailstorm Steel Woods Set,3279
Netherlands,Venue,6243
Singapore,Hailstorm Steel Woods Set,6074
Singapore,Calamine Relief,-2373
Singapore,Blue Steel Max Putter,11026
Singapore,Canyon Mule Journey Backpack,8338
Singapore,Course Pro Golf and Tee Set,45242
Singapore,Canyon Mule Climber Backpack,19348
Singapore,Mountain Man Deluxe,14317
Singapore,Sam,19885
Singapore,Edge Extreme,11080
Singapore,Glacier Basic,31861
Singapore,Firefly Charger,6174
Singapore,Mountain Man Combination,1697
Singapore,Canyon Mule Extreme Backpack,2996
Singapore,Cat Eye,53745
Singapore,Granite Grip,9829
Singapore,Seeker 50,9704
Singapore,Granite Carabiner,68586
Singapore,Lady Hailstorm Steel Woods Set,3161
Singapore,TrailChef Double Flame,3480
Singapore,TrailChef Cup,72194
Singapore,Hibernator Pillow,16016
Singapore,Polar Sports,28827
Singapore,TrailChef Deluxe Cook Set,14620
Singapore,Star Lite,6628
Singapore,Husky Harness Extreme,6269
Singapore,Sun Shelter 15,-27164
Singapore,Seeker 35,17099
Singapore,Husky Rope 100,3281
Singapore,Granite Climbing Helmet,6858
Singapore,Seeker Extreme,2886
Singapore,Course Pro Putter,31067
Singapore,Flicker Lantern,4813
Singapore,Firefly 2,19042
Singapore,Firefly 4,12978
Singapore,Hibernator Extreme,7522
Singapore,Glacier GPS Extreme,3498
Singapore,Granite Belay,5459
Singapore,Sun Shield,-35757
Singapore,Infinity,10191
Singapore,TrailChef Single Flame,19973
Singapore,Trail Master,-633
Singapore,Granite Shovel,3461
Singapore,Hawk Eye,36361
Singapore,Granite Pulley,7945
Singapore,Lady Hailstorm Steel Irons,5838
Singapore,Hailstorm Titanium Irons,7582
Singapore,Polar Sun,36458
Singapore,Zone,54942
Singapore,Astro Pilot,4006
Singapore,Kodiak,-1150
Singapore,Polar Ice,7394
Singapore,Hailstorm Titanium Woods Set,5899
Singapore,Firefly Multi-light,7917
Singapore,BugShield Extreme,-37704
Singapore,Trail Star,-1737
Singapore,Course Pro Gloves,64663
Singapore,BugShield Lotion,-42551
Singapore,Canyon Mule Carryall,14523
Singapore,Firefly Mapreader,27575
Singapore,Seeker Mini,6741
Singapore,Canyon Mule Weekender Backpack,15823
Singapore,Granite Axe,16235
Singapore,Hibernator,18675
Singapore,Mountain Man Extreme,735
Singapore,EverGlow Single,30246
Singapore,Husky Rope 60,1972
Singapore,Canyon Mule Cooler,57057
Singapore,Star Gazer 2,2970
Singapore,Glacier Deluxe,4251
Singapore,BugShield Spray,-21287
Singapore,Hibernator Camp Cot,9543
Singapore,Aloe Relief,-4259
Singapore,TrailChef Canteen,33421
Singapore,Firefly Lite,18767
Singapore,Polar Wave,1421
Singapore,Deluxe Family Relief Kit,-11900
Singapore,Hibernator Pad,22977
Singapore,Mountain Man Digital,4658
Singapore,Sky Pilot,1824
Singapore,Granite Chalk Bag,4278
Singapore,Sun Blocker,-12954
Singapore,Lux,5071
Singapore,Granite Hammer,4653
Singapore,Fairway,40862
Singapore,Hailstorm Steel Irons,8715
Singapore,TX,4987
Singapore,Dante,2834
Singapore,Trail Scout,-865
Singapore,Maximus,20105
Singapore,EverGlow Lamp,30819
Singapore,Legend,1762
Singapore,Granite Signal Mirror,3097
Singapore,TrailChef Water Bag,81776
Singapore,Bear Edge,10333
Singapore,Blue Steel Putter,6527
Singapore,Star Gazer 3,3270
Singapore,Opera Vision,-1053
Singapore,TrailChef Utensils,6272
Singapore,Max Gizmo,15837
Singapore,Auto Pilot,1192
Singapore,Pocket Gizmo,33982
Singapore,Single Edge,145497
Singapore,Star Dome,4196
Singapore,EverGlow Butane,5003
Singapore,Firefly Extreme,2156
Singapore,Hibernator Lite,30197
Singapore,Husky Rope 50,3326
Singapore,Star Gazer 6,1510
Singapore,EverGlow Kerosene,4077
Singapore,Compact Relief Kit,-1096
Singapore,Glacier GPS,11325
Singapore,BugShield Natural,-7036
Singapore,Double Edge,15219
Singapore,TrailChef Kettle,115650
Singapore,Retro,40203
Singapore,TrailChef Kitchen Kit,22123
Singapore,Polar Extreme,451
Singapore,Granite Ice,6850
Singapore,Inferno,34823
Singapore,Firefly Rechargeable Battery,27730
Singapore,Trendi,19
Singapore,BugShield Lotion Lite,-21111
Singapore,Venue,11061
Singapore,Hibernator Self - Inflating Mat,8114
Singapore,EverGlow Double,1900
Singapore,Insect Bite Relief,-5061
Singapore,Ranger Vision,3325
Singapore,Lady Hailstorm Titanium Woods Set,2790
Singapore,Zodiak,4704
Singapore,Husky Harness,4753
Singapore,Husky Rope 200,1521
Singapore,Sun Shelter 30,-46154
Singapore,Star Peg,61250
Singapore,Capri,22698
Singapore,Sun Shelter Stick,-1847
Singapore,Bella,9016
Singapore,Mountain Man Analog,20970
Singapore,Course Pro Golf Bag,4240
Singapore,Course Pro Umbrella,48053
Singapore,Bear Survival Edge,2609
Singapore,Firefly Climbing Lamp,4430
Singapore,Lady Hailstorm Titanium Irons,4036
Singapore,Granite Extreme,11616
Singapore,TrailChef Cook Set,21956
Spain,Granite Belay,27621
Spain,Max Gizmo,2839
Spain,Polar Ice,1843
Spain,Star Dome,4603
Spain,BugShield Lotion,-5678
Spain,Zone,51282
Spain,EverGlow Butane,7080
Spain,EverGlow Kerosene,10735
Spain,Cat Eye,71449
Spain,Hibernator,24827
Spain,Compact Relief Kit,-1288
Spain,Canyon Mule Extreme Backpack,7081
Spain,Auto Pilot,1815
Spain,Firefly Lite,18460
Spain,Mountain Man Digital,2663
Spain,Seeker Mini,4954
Spain,Husky Harness,27521
Spain,Canyon Mule Cooler,41474
Spain,EverGlow Double,2428
Spain,Legend,206
Spain,Hailstorm Steel Irons,3738
Spain,Astro Pilot,3957
Spain,Course Pro Putter,15574
Spain,Retro,44934
Spain,Opera Vision,-323
Spain,Sun Shelter 15,-6480
Spain,Hibernator Pillow,19507
Spain,Mountain Man Deluxe,4097
Spain,Calamine Relief,-959
Spain,Hibernator Extreme,20197
Spain,Granite Ice,29496
Spain,Firefly Extreme,8441
Spain,Sun Shelter Stick,-10277
Spain,Granite Grip,33530
Spain,BugShield Lotion Lite,-1535
Spain,Sun Shelter 30,-5352
Spain,Star Gazer 2,7890
Spain,TrailChef Single Flame,28564
Spain,Lady Hailstorm Steel Irons,3165
Spain,Hailstorm Steel Woods Set,4725
Spain,Flicker Lantern,6760
Spain,Trendi,9098
Spain,Ranger Vision,2990
Spain,Course Pro Golf and Tee Set,27216
Spain,Course Pro Gloves,35186
Spain,Inferno,57530
Spain,TrailChef Kitchen Kit,28077
Spain,Canyon Mule Journey Backpack,9953
Spain,Canyon Mule Carryall,13932
Spain,Granite Chalk Bag,21889
Spain,Firefly Mapreader,33602
Spain,Bella,15854
Spain,Sam,17688
Spain,Venue,-1030
Spain,Mountain Man Combination,755
Spain,BugShield Spray,-3210
Spain,Star Lite,11997
Spain,Hibernator Self - Inflating Mat,13572
Spain,Trail Scout,-475
Spain,Capri,24929
Spain,Firefly Multi-light,7734
Spain,Glacier GPS,11993
Spain,Hibernator Lite,21181
Spain,TX,1751
Spain,Glacier Basic,22041
Spain,Polar Extreme,292
Spain,Fairway,31120
Spain,EverGlow Single,23427
Spain,Pocket Gizmo,2052
Spain,Deluxe Family Relief Kit,257
Spain,TrailChef Canteen,26778
Spain,Polar Sports,8583
Spain,TrailChef Utensils,54124
Spain,Infinity,7711
Spain,Hailstorm Titanium Irons,2870
Spain,Mountain Man Analog,5994
Spain,TrailChef Cup,89201
Spain,Glacier GPS Extreme,2910
Spain,Canyon Mule Weekender Backpack,10862
Spain,Dante,2839
Spain,Polar Wave,611
Spain,Sun Shield,-2732
Spain,Husky Rope 60,6777
Spain,Seeker 50,3628
Spain,Hawk Eye,39328
Spain,Maximus,35397
Spain,Firefly Rechargeable Battery,150339
Spain,Bear Edge,7778
Spain,Husky Rope 100,11232
Spain,Trail Master,-448
Spain,Sun Blocker,-4856
Spain,Course Pro Golf Bag,2195
Spain,Insect Bite Relief,-449
Spain,Star Gazer 3,2623
Spain,Husky Rope 50,10761
Spain,Hibernator Pad,21574
Spain,TrailChef Deluxe Cook Set,11817
Spain,Seeker Extreme,2076
Spain,Firefly 2,13119
Spain,Seeker 35,2724
Spain,Hibernator Camp Cot,9760
Spain,Husky Rope 200,7083
Spain,Sky Pilot,1608
Spain,Single Edge,91086
Spain,Zodiak,3437
Spain,Granite Shovel,9909
Spain,Bear Survival Edge,4824
Spain,Granite Carabiner,360427
Spain,Lux,894
Spain,Firefly Charger,32528
Spain,BugShield Natural,-12206
Spain,Husky Harness Extreme,31269
Spain,Firefly 4,9002
Spain,Course Pro Umbrella,19226
Spain,Edge Extreme,7785
Spain,Firefly Climbing Lamp,25151
Spain,Lady Hailstorm Steel Woods Set,2692
Spain,Blue Steel Max Putter,3376
Spain,TrailChef Water Bag,141149
Spain,Aloe Relief,-1031
Spain,Lady Hailstorm Titanium Woods Set,1301
Spain,Glacier Deluxe,5291
Spain,Blue Steel Putter,7292
Spain,TrailChef Double Flame,8335
Spain,Mountain Man Extreme,385
Spain,BugShield Extreme,-14876
Spain,Hailstorm Titanium Woods Set,2244
Spain,Canyon Mule Climber Backpack,32325
Spain,Trail Star,-2158
Spain,TrailChef Kettle,83115
Spain,Kodiak,-969
Spain,Granite Signal Mirror,14414
Spain,Granite Climbing Helmet,34570
Spain,Lady Hailstorm Titanium Irons,1526
Spain,TrailChef Cook Set,28768
Spain,Granite Pulley,41928
Spain,Granite Axe,59823
Spain,Star Gazer 6,1023
Spain,Granite Hammer,17904
Spain,Polar Sun,10603
Spain,Granite Extreme,45839
Spain,EverGlow Lamp,45690
Spain,Star Peg,59603
Spain,Double Edge,15946
Sweden,Mountain Man Combination,1092
Sweden,Sam,21792
Sweden,Star Gazer 3,4588
Sweden,Dante,15616
Sweden,Course Pro Golf Bag,2091
Sweden,Husky Rope 50,6718
Sweden,Polar Sun,8556
Sweden,TrailChef Cup,56420
Sweden,Mountain Man Analog,5530
Sweden,Opera Vision,166
Sweden,Kodiak,731
Sweden,Husky Harness,12979
Sweden,Legend,1890
Sweden,Canyon Mule Carryall,9738
Sweden,Ranger Vision,5350
Sweden,Bear Survival Edge,3934
Sweden,Zodiak,4656
Sweden,Fairway,52384
Sweden,Granite Belay,15111
Sweden,Infinity,8943
Sweden,Husky Rope 100,7231
Sweden,BugShield Spray,-7071
Sweden,Compact Relief Kit,-224
Sweden,Sky Pilot,1129
Sweden,Zone,86114
Sweden,Hibernator Pillow,10281
Sweden,Star Dome,3479
Sweden,TrailChef Deluxe Cook Set,7051
Sweden,Hibernator Extreme,9533
Sweden,Firefly Extreme,2376
Sweden,Astro Pilot,3965
Sweden,Trail Star,-1200
Sweden,Lady Hailstorm Titanium Irons,1732
Sweden,Granite Shovel,9091
Sweden,Hailstorm Titanium Irons,3202
Sweden,Single Edge,76637
Sweden,Husky Rope 200,3692
Sweden,Trail Scout,-298
Sweden,Polar Extreme,45
Sweden,BugShield Lotion Lite,-3830
Sweden,Granite Signal Mirror,8469
Sweden,TrailChef Utensils,17266
Sweden,Glacier GPS,8654
Sweden,Sun Shelter 15,-6668
Sweden,Venue,5266
Sweden,Course Pro Gloves,26122
Sweden,Husky Rope 60,3751
Sweden,Husky Harness Extreme,19622
Sweden,Canyon Mule Climber Backpack,19502
Sweden,Granite Hammer,13986
Sweden,Bella,12328
Sweden,Hibernator Pad,18251
Sweden,Trail Master,-391
Sweden,Course Pro Putter,10488
Sweden,Capri,32803
Sweden,Inferno,45282
Sweden,Granite Climbing Helmet,22760
Sweden,TrailChef Cook Set,23754
Sweden,Hibernator,7451
Sweden,Firefly Rechargeable Battery,91366
Sweden,Glacier Deluxe,2102
Sweden,Star Lite,11227
Sweden,Glacier GPS Extreme,5237
Sweden,Sun Shield,-9434
Sweden,Polar Wave,451
Sweden,Aloe Relief,-599
Sweden,Hibernator Camp Cot,7200
Sweden,Granite Grip,24266
Sweden,Canyon Mule Extreme Backpack,3437
Sweden,Insect Bite Relief,-3072
Sweden,Star Peg,55282
Sweden,Sun Blocker,-4783
Sweden,Firefly Multi-light,4673
Sweden,Auto Pilot,502
Sweden,TrailChef Kitchen Kit,13535
Sweden,Hawk Eye,42687
Sweden,TrailChef Canteen,25012
Sweden,Star Gazer 2,6473
Sweden,TrailChef Double Flame,5150
Sweden,Blue Steel Max Putter,4046
Sweden,Star Gazer 6,1286
Sweden,BugShield Natural,1312
Sweden,Granite Carabiner,193253
Sweden,Trendi,12181
Sweden,Granite Pulley,22901
Sweden,EverGlow Lamp,19495
Sweden,Granite Extreme,27148
Sweden,Lady Hailstorm Steel Irons,2377
Sweden,BugShield Extreme,-997
Sweden,Hailstorm Steel Irons,4183
Sweden,Granite Axe,39958
Sweden,Canyon Mule Weekender Backpack,9667
Sweden,Hailstorm Titanium Woods Set,4089
Sweden,Firefly Charger,16476
Sweden,Maximus,30957
Sweden,Max Gizmo,8972
Sweden,Firefly 2,11336
Sweden,Edge Extreme,12591
Sweden,Hailstorm Steel Woods Set,4310
Sweden,EverGlow Kerosene,5028
Sweden,Seeker Extreme,1862
Sweden,Blue Steel Putter,4596
Sweden,Deluxe Family Relief Kit,-3618
Sweden,Seeker Mini,4494
Sweden,Granite Ice,19302
Sweden,Firefly Climbing Lamp,12910
Sweden,BugShield Lotion,-13546
Sweden,Lady Hailstorm Titanium Woods Set,1437
Sweden,Seeker 50,4448
Sweden,TrailChef Kettle,66403
Sweden,Mountain Man Digital,3187
Sweden,Firefly Lite,15665
Sweden,Calamine Relief,-1482
Sweden,Glacier Basic,23705
Sweden,Flicker Lantern,4020
Sweden,Canyon Mule Journey Backpack,7734
Sweden,TrailChef Single Flame,10781
Sweden,Course Pro Golf and Tee Set,29674
Sweden,Seeker 35,10194
Sweden,Firefly 4,8897
Sweden,Polar Sports,5617
Sweden,Mountain Man Deluxe,5072
Sweden,Bear Edge,10182
Sweden,Sun Shelter 30,-11917
Sweden,Lux,1945
Sweden,Cat Eye,64780
Sweden,TX,8363
Sweden,Mountain Man Extreme,551
Sweden,EverGlow Double,1167
Sweden,Pocket Gizmo,29578
Sweden,Hibernator Lite,14517
Sweden,Retro,41488
Sweden,Course Pro Umbrella,23657
Sweden,Firefly Mapreader,20217
Sweden,Hibernator Self - Inflating Mat,5714
Sweden,EverGlow Butane,2744
Sweden,Canyon Mule Cooler,35579
Sweden,Double Edge,18583
Sweden,Polar Ice,1318
Sweden,Lady Hailstorm Steel Woods Set,2356
Sweden,EverGlow Single,9381
Sweden,Sun Shelter Stick,-2885
Sweden,Granite Chalk Bag,12499
Sweden,TrailChef Water Bag,91695
Switzerland,Deluxe Family Relief Kit,-5231
Switzerland,Mountain Man Combination,1462
Switzerland,Granite Belay,3869
Switzerland,Flicker Lantern,5835
Switzerland,Single Edge,113549
Switzerland,Calamine Relief,-411
Switzerland,Trail Master,-201
Switzerland,Husky Harness,3411
Switzerland,Kodiak,1908
Switzerland,Hibernator Lite,14820
Switzerland,Mountain Man Digital,3775
Switzerland,Mountain Man Analog,9404
Switzerland,Seeker Extreme,1777
Switzerland,Retro,43126
Switzerland,Auto Pilot,1323
Switzerland,Granite Axe,9942
Switzerland,Double Edge,20632
Switzerland,Edge Extreme,3387
Switzerland,Aloe Relief,-753
Switzerland,Granite Carabiner,48840
Switzerland,Star Gazer 6,1450
Switzerland,Bear Edge,7754
Switzerland,Glacier Deluxe,4293
Switzerland,Maximus,34792
Switzerland,Firefly Rechargeable Battery,19666
Switzerland,Legend,4288
Switzerland,Firefly Climbing Lamp,3144
Switzerland,Hawk Eye,48303
Switzerland,TrailChef Kettle,73096
Switzerland,Granite Grip,6046
Switzerland,Lux,4053
Switzerland,Sun Shelter 15,-8651
Switzerland,Sun Shield,-12984
Switzerland,Polar Ice,3040
Switzerland,Zodiak,3520
Switzerland,Firefly Multi-light,6186
Switzerland,BugShield Lotion Lite,-6157
Switzerland,Hibernator Pad,22967
Switzerland,Granite Shovel,2124
Switzerland,Dante,17438
Switzerland,Lady Hailstorm Titanium Irons,5250
Switzerland,Star Lite,6856
Switzerland,Hailstorm Titanium Woods Set,8197
Switzerland,Granite Pulley,5653
Switzerland,Compact Relief Kit,906
Switzerland,TrailChef Double Flame,3453
Switzerland,Star Peg,50930
Switzerland,Canyon Mule Climber Backpack,11289
Switzerland,Hibernator Extreme,2959
Switzerland,Opera Vision,70
Switzerland,Glacier GPS,16381
Switzerland,TrailChef Kitchen Kit,22671
Switzerland,Granite Climbing Helmet,4769
Switzerland,Max Gizmo,16897
Switzerland,Course Pro Umbrella,49274
Switzerland,Sun Shelter Stick,2514
Switzerland,EverGlow Butane,2912
Switzerland,Sun Blocker,-274
Switzerland,TrailChef Water Bag,50811
Switzerland,Hailstorm Titanium Irons,7826
Switzerland,TrailChef Cup,46889
Switzerland,Blue Steel Max Putter,12467
Switzerland,Granite Ice,4198
Switzerland,Granite Signal Mirror,2034
Switzerland,Firefly 4,12849
Switzerland,Husky Rope 100,1904
Switzerland,Capri,25739
Switzerland,Insect Bite Relief,-1297
Switzerland,Zone,86111
Switzerland,Trendi,19867
Switzerland,BugShield Natural,6406
Switzerland,Husky Rope 50,2032
Switzerland,BugShield Extreme,7846
Switzerland,Star Gazer 3,3110
Switzerland,Firefly 2,15735
Switzerland,Hibernator Camp Cot,9609
Switzerland,Inferno,49045
Switzerland,Granite Chalk Bag,3041
Switzerland,Sam,21678
Switzerland,Firefly Lite,19158
Switzerland,Husky Rope 60,1169
Switzerland,Pocket Gizmo,38788
Switzerland,Seeker 35,9099
Switzerland,BugShield Lotion,-17498
Switzerland,Mountain Man Extreme,311
Switzerland,EverGlow Double,1679
Switzerland,Firefly Charger,4395
Switzerland,Bella,13715
Switzerland,Canyon Mule Cooler,42344
Switzerland,Hibernator,14050
Switzerland,Course Pro Gloves,60208
Switzerland,Canyon Mule Weekender Backpack,11310
Switzerland,Glacier Basic,24658
Switzerland,Course Pro Putter,41092
Switzerland,EverGlow Kerosene,6081
Switzerland,TrailChef Cook Set,26939
Switzerland,Polar Extreme,211
Switzerland,TrailChef Canteen,28758
Switzerland,Fairway,58191
Switzerland,Firefly Extreme,2045
Switzerland,Polar Wave,904
Switzerland,Lady Hailstorm Titanium Woods Set,3716
Switzerland,BugShield Spray,146
Switzerland,Husky Rope 200,905
Switzerland,Seeker Mini,3697
Switzerland,Polar Sun,17031
Switzerland,Lady Hailstorm Steel Irons,4696
Switzerland,Trail Star,-1011
Switzerland,Canyon Mule Journey Backpack,8614
Switzerland,Husky Harness Extreme,4512
Switzerland,Sky Pilot,1536
Switzerland,Granite Hammer,2851
Switzerland,TrailChef Utensils,8592
Switzerland,Firefly Mapreader,20919
Switzerland,Bear Survival Edge,3703
Switzerland,Granite Extreme,7122
Switzerland,Blue Steel Putter,10164
Switzerland,TrailChef Single Flame,12589
Switzerland,Astro Pilot,5209
Switzerland,Glacier GPS Extreme,1512
Switzerland,Hibernator Pillow,17594
Switzerland,Course Pro Golf and Tee Set,56283
Switzerland,Lady Hailstorm Steel Woods Set,4537
Switzerland,Hailstorm Steel Irons,10068
Switzerland,Hailstorm Steel Woods Set,9480
Switzerland,Canyon Mule Carryall,13320
Switzerland,Course Pro Golf Bag,5347
Switzerland,Star Dome,3967
Switzerland,Canyon Mule Extreme Backpack,2216
Switzerland,Ranger Vision,9255
Switzerland,TX,10994
Switzerland,Infinity,12486
Switzerland,Venue,13380
Switzerland,Cat Eye,87179
Switzerland,Polar Sports,11251
Switzerland,TrailChef Deluxe Cook Set,10237
Switzerland,Mountain Man Deluxe,7034
Switzerland,Star Gazer 2,3591
Switzerland,Seeker 50,4945
Switzerland,Hibernator Self - Inflating Mat,7812
Switzerland,EverGlow Lamp,33904
Switzerland,Trail Scout,-3
Switzerland,EverGlow Single,16925
Switzerland,Sun Shelter 30,-8194
United Kingdom,Lux,3471
United Kingdom,TrailChef Deluxe Cook Set,19876
United Kingdom,Firefly Rechargeable Battery,198057
United Kingdom,Sun Blocker,-12963
United Kingdom,Infinity,19202
United Kingdom,Canyon Mule Weekender Backpack,19301
United Kingdom,Granite Belay,40549
United Kingdom,Husky Rope 60,11409
United Kingdom,Canyon Mule Cooler,58400
United Kingdom,Granite Grip,67428
United Kingdom,Sun Shelter 15,-37807
United Kingdom,Polar Wave,909
United Kingdom,Ranger Vision,6518
United Kingdom,Sun Shelter Stick,-18036
United Kingdom,Hibernator Pillow,24262
United Kingdom,Max Gizmo,17481
United Kingdom,BugShield Lotion Lite,-10879
United Kingdom,Edge Extreme,26915
United Kingdom,Calamine Relief,-2590
United Kingdom,EverGlow Single,30549
United Kingdom,Granite Shovel,24183
United Kingdom,TrailChef Canteen,40893
United Kingdom,Hailstorm Steel Woods Set,5200
United Kingdom,TrailChef Kitchen Kit,24161
United Kingdom,Firefly Mapreader,43972
United Kingdom,Zodiak,8307
United Kingdom,Trail Scout,-1227
United Kingdom,Hawk Eye,90622
United Kingdom,Polar Sports,15792
United Kingdom,Legend,3126
United Kingdom,Star Dome,7752
United Kingdom,Firefly 4,13402
United Kingdom,Sun Shield,-35869
United Kingdom,Sam,41265
United Kingdom,Polar Sun,19984
United Kingdom,Fairway,67825
United Kingdom,Seeker Mini,7668
United Kingdom,Husky Harness,34963
United Kingdom,Husky Rope 100,19011
United Kingdom,Mountain Man Extreme,1580
United Kingdom,Venue,4242
United Kingdom,EverGlow Double,2969
United Kingdom,Hailstorm Titanium Irons,4515
United Kingdom,Capri,36616
United Kingdom,Canyon Mule Extreme Backpack,11886
United Kingdom,Hailstorm Titanium Woods Set,5828
United Kingdom,Firefly Multi-light,11371
United Kingdom,Star Lite,26901
United Kingdom,Cat Eye,132016
United Kingdom,BugShield Lotion,-23346
United Kingdom,TX,8796
United Kingdom,Hailstorm Steel Irons,5740
United Kingdom,Granite Ice,48547
United Kingdom,Kodiak,1061
United Kingdom,Polar Extreme,860
United Kingdom,Lady Hailstorm Titanium Woods Set,2135
United Kingdom,TrailChef Utensils,57931
United Kingdom,Lady Hailstorm Titanium Irons,2082
United Kingdom,EverGlow Butane,8012
United Kingdom,Compact Relief Kit,-5551
United Kingdom,Firefly Lite,31311
United Kingdom,Star Peg,128820
United Kingdom,TrailChef Kettle,111223
United Kingdom,Canyon Mule Carryall,27544
United Kingdom,Course Pro Umbrella,24132
United Kingdom,Sky Pilot,2324
United Kingdom,Firefly 2,27484
United Kingdom,Seeker Extreme,6749
United Kingdom,Trail Star,-3729
United Kingdom,Aloe Relief,-4061
United Kingdom,Pocket Gizmo,51383
United Kingdom,Course Pro Putter,16292
United Kingdom,Bella,28281
United Kingdom,Seeker 35,11217
United Kingdom,Hibernator Camp Cot,20892
United Kingdom,BugShield Spray,-16426
United Kingdom,TrailChef Single Flame,36590
United Kingdom,Firefly Charger,44665
United Kingdom,Star Gazer 3,5983
United Kingdom,Granite Pulley,62607
United Kingdom,Canyon Mule Climber Backpack,42844
United Kingdom,Course Pro Gloves,45234
United Kingdom,Double Edge,47657
United Kingdom,Star Gazer 2,13641
United Kingdom,Granite Extreme,80928
United Kingdom,Maximus,55834
United Kingdom,Course Pro Golf and Tee Set,25885
United Kingdom,TrailChef Water Bag,222962
United Kingdom,Single Edge,233035
United Kingdom,Astro Pilot,8243
United Kingdom,Hibernator Self - Inflating Mat,28968
United Kingdom,Hibernator,30923
United Kingdom,BugShield Natural,-19114
United Kingdom,Course Pro Golf Bag,2237
United Kingdom,Glacier Basic,59306
United Kingdom,Granite Carabiner,451953
United Kingdom,Opera Vision,291
United Kingdom,Zone,121999
United Kingdom,Insect Bite Relief,-4958
United Kingdom,TrailChef Cup,138513
United Kingdom,BugShield Extreme,-35207
United Kingdom,Blue Steel Putter,4135
United Kingdom,Firefly Extreme,12242
United Kingdom,EverGlow Kerosene,15417
United Kingdom,Trendi,5384
United Kingdom,Hibernator Extreme,26800
United Kingdom,Inferno,83054
United Kingdom,Trail Master,-1215
United Kingdom,Granite Hammer,32999
United Kingdom,Lady Hailstorm Steel Irons,2821
United Kingdom,Mountain Man Deluxe,13962
United Kingdom,Auto Pilot,1807
United Kingdom,Canyon Mule Journey Backpack,17195
United Kingdom,EverGlow Lamp,65518
United Kingdom,Hibernator Pad,32599
United Kingdom,Glacier GPS,23826
United Kingdom,Firefly Climbing Lamp,32023
United Kingdom,Mountain Man Digital,5181
United Kingdom,Hibernator Lite,45630
United Kingdom,Glacier GPS Extreme,9221
United Kingdom,Granite Signal Mirror,21793
United Kingdom,Polar Ice,4378
United Kingdom,Mountain Man Analog,14037
United Kingdom,Granite Axe,105948
United Kingdom,Glacier Deluxe,10034
United Kingdom,Bear Survival Edge,6986
United Kingdom,Bear Edge,27369
United Kingdom,Husky Rope 200,9950
United Kingdom,Mountain Man Combination,995
United Kingdom,Retro,65647
United Kingdom,Blue Steel Max Putter,6709
United Kingdom,Granite Chalk Bag,30738
United Kingdom,Seeker 50,7664
United Kingdom,Husky Harness Extreme,47826
United Kingdom,Sun Shelter 30,-50751
United Kingdom,Granite Climbing Helmet,52607
United Kingdom,Star Gazer 6,2241
United Kingdom,Husky Rope 50,20338
United Kingdom,Flicker Lantern,15483
United Kingdom,TrailChef Double Flame,12764
United Kingdom,Deluxe Family Relief Kit,-7276
United Kingdom,Dante,17506
United Kingdom,TrailChef Cook Set,38044
United Kingdom,Lady Hailstorm Steel Woods Set,2789
United States,Hibernator Pad,82695
United States,Canyon Mule Carryall,86949
United States,TrailChef Kettle,451833
United States,Sun Shelter 30,-109970
United States,TrailChef Double Flame,35025
United States,EverGlow Lamp,205416
United States,Mountain Man Extreme,3400
United States,Ranger Vision,19402
United States,Granite Ice,73573
United States,Lady Hailstorm Titanium Irons,6652
United States,Firefly Climbing Lamp,69816
United States,Pocket Gizmo,154353
United States,Maximus,144512
United States,Retro,214115
United States,Husky Rope 50,40159
United States,Course Pro Golf Bag,7122
United States,TrailChef Utensils,156325
United States,Glacier GPS,68190
United States,TrailChef Deluxe Cook Set,66278
United States,Trail Star,-10538
United States,Double Edge,140525
United States,Sam,100845
United States,Opera Vision,277
United States,Seeker Mini,22757
United States,Granite Belay,68032
United States,Legend,5565
United States,Star Peg,220167
United States,BugShield Lotion Lite,-33033
United States,Star Gazer 3,20067
United States,Fairway,164819
United States,Firefly Extreme,32626
United States,Trail Scout,-2614
United States,Seeker Extreme,24478
United States,Dante,87068
United States,Firefly Multi-light,48460
United States,Zodiak,34245
United States,Bella,65236
United States,Cat Eye,305553
United States,Hibernator Self - Inflating Mat,74729
United States,EverGlow Kerosene,39305
United States,Deluxe Family Relief Kit,-20242
United States,Mountain Man Combination,5494
United States,Husky Harness,62970
United States,Edge Extreme,51789
United States,Bear Edge,56544
United States,Granite Shovel,45493
United States,Flicker Lantern,23042
United States,Polar Ice,19511
United States,TrailChef Kitchen Kit,130243
United States,Insect Bite Relief,-9427
United States,Star Lite,75578
United States,Seeker 35,61368
United States,Course Pro Putter,38923
United States,Inferno,255405
United States,Star Dome,24024
United States,Astro Pilot,22941
United States,Star Gazer 6,7183
United States,Granite Extreme,156688
United States,Firefly Lite,94798
United States,Firefly Mapreader,166414
United States,Granite Grip,145749
United States,Course Pro Umbrella,96986
United States,Granite Axe,216731
United States,Infinity,53593
United States,Polar Wave,3884
United States,TX,19408
United States,Aloe Relief,-11935
United States,Hibernator Camp Cot,63861
United States,Sun Shelter Stick,-45825
United States,Zone,291675
United States,Sun Blocker,-30858
United States,Hibernator,69505
United States,Single Edge,680516
United States,Glacier Deluxe,26871
United States,Kodiak,-854
United States,Blue Steel Putter,14458
United States,Canyon Mule Extreme Backpack,27493
United States,Hawk Eye,209397
United States,Hailstorm Titanium Woods Set,13016
United States,Seeker 50,25497
United States,TrailChef Water Bag,612344
United States,Lady Hailstorm Steel Woods Set,7698
United States,Course Pro Golf and Tee Set,84867
United States,Hailstorm Steel Woods Set,16089
United States,TrailChef Single Flame,84918
United States,Granite Signal Mirror,46608
United States,Hibernator Pillow,73836
United States,Lady Hailstorm Steel Irons,7492
United States,Granite Chalk Bag,55674
United States,Canyon Mule Journey Backpack,62596
United States,Husky Harness Extreme,97986
United States,Glacier GPS Extreme,29478
United States,Lady Hailstorm Titanium Woods Set,6831
United States,Bear Survival Edge,19177
United States,BugShield Extreme,-66181
United States,Firefly 2,83423
United States,Hibernator Extreme,46521
United States,Calamine Relief,-6216
United States,Polar Sun,79572
United States,Sun Shield,-73875
United States,Polar Extreme,2028
United States,BugShield Natural,-48448
United States,Canyon Mule Climber Backpack,89024
United States,Star Gazer 2,54249
United States,Mountain Man Digital,10899
United States,Husky Rope 200,15781
United States,Husky Rope 100,32232
United States,TrailChef Cup,401371
United States,Polar Sports,63096
United States,Venue,3183
United States,Sun Shelter 15,-96935
United States,Trail Master,-3424
United States,Canyon Mule Cooler,193438
United States,Compact Relief Kit,-8474
United States,Husky Rope 60,24308
United States,Blue Steel Max Putter,17822
United States,Firefly Rechargeable Battery,383732
United States,Hibernator Lite,141964
United States,Mountain Man Deluxe,33016
United States,Hailstorm Titanium Irons,14279
United States,Max Gizmo,49468
United States,Capri,135737
United States,Glacier Basic,141606
United States,Firefly 4,42802
United States,Hailstorm Steel Irons,14465
United States,Granite Climbing Helmet,102386
United States,Sky Pilot,6989
United States,Granite Pulley,107090
United States,Granite Hammer,52905
United States,TrailChef Canteen,132220
United States,Canyon Mule Weekender Backpack,56796
United States,Granite Carabiner,833617
United States,EverGlow Butane,21340
United States,TrailChef Cook Set,128493
United States,BugShield Spray,-51789
United States,EverGlow Single,99894
United States,BugShield Lotion,-84138
United States,EverGlow Double,7763
United States,Mountain Man Analog,46804
United States,Auto Pilot,5691
United States,Firefly Charger,96020
United States,Lux,15328
United States,Course Pro Gloves,169299
United States,Trendi,33062
